rank,stadium,capacity,region,country,city,images,home_team
1,Rungrado 1st of May Stadium,"114,000",East Asia,North Korea,Pyongyang,https://upload.wikimedia.org/wikipedia/commons/thumb/8/81/Arirang_Mass_Games_12.JPG/150px-Arirang_Mass_Games_12.JPG,"Korea DPR national football team, Korea DPR women's national football team, April 25"
2,Michigan Stadium,"107,601",North America,United States,"Ann Arbor, Michigan",https://upload.wikimedia.org/wikipedia/commons/thumb/e/ed/Real_Madrid_vs._Machester_United_August_2nd%2C_2014.jpg/150px-Real_Madrid_vs._Machester_United_August_2nd%2C_2014.jpg,Michigan Wolverines football
3,Ohio Stadium,"102,780",North America,United States,"Columbus, Ohio",https://upload.wikimedia.org/wikipedia/commons/thumb/f/fc/Panoramic_view_of_Ohio_Stadium.jpg/150px-Panoramic_view_of_Ohio_Stadium.jpg,Ohio State Buckeyes football
4,Melbourne Cricket Ground,"100,024",Oceania,Australia,"Melbourne, Victoria",https://upload.wikimedia.org/wikipedia/commons/thumb/b/b4/MCG_Panorama_24_July_2015.jpg/150px-MCG_Panorama_24_July_2015.jpg,"Australia national cricket team, Victoria cricket team, Melbourne Cricket Club, Melbourne Stars, Melbourne FC, Richmond FC, Collingwood FC, Hawthorn FC"
5,Camp Nou,"99,354",Europe,Spain,"Barcelona, Catalonia",https://upload.wikimedia.org/wikipedia/commons/thumb/0/0e/Camp_Nou_Experience_%28_Ank_Kumar%2C_INFOSYS_Limited_%29_07.jpg/150px-Camp_Nou_Experience_%28_Ank_Kumar%2C_INFOSYS_Limited_%29_07.jpg,FC Barcelona
6,Estadio Azteca,"95,500",North America,Mexico,Mexico City,https://upload.wikimedia.org/wikipedia/commons/thumb/c/ca/Panor%C3%A1mica_esquina_noreste.jpg/150px-Panor%C3%A1mica_esquina_noreste.jpg,"Club América, Cruz Azul, Mexico national football team"
7,FNB Stadium,"94,736",Africa,South Africa,"Johannesburg, Gauteng",https://upload.wikimedia.org/wikipedia/commons/thumb/c/c0/First_game_of_the_2010_FIFA_World_Cup%2C_South_Africa_vs_Mexico.jpg/150px-First_game_of_the_2010_FIFA_World_Cup%2C_South_Africa_vs_Mexico.jpg,"South Africa national football team, Kaizer Chiefs"
8,New Administrative Capital Stadium,"93,940",Africa,Egypt,New Administrative Capital,https://upload.wikimedia.org/wikipedia/commons/thumb/e/e0/The_New_administrative_stadium_of_Egypt.jpg/150px-The_New_administrative_stadium_of_Egypt.jpg,Egypt national football team
9,Rose Bowl Stadium,"92,800",North America,United States,"Pasadena, California",https://upload.wikimedia.org/wikipedia/commons/thumb/d/d2/Rose_Bowl%2C_panorama.jpg/150px-Rose_Bowl%2C_panorama.jpg,UCLA Bruins
10,Cotton Bowl Stadium,"92,100",North America,United States,"Dallas, Texas",https://upload.wikimedia.org/wikipedia/commons/thumb/5/52/2019_State_Fair_Classic_01_%28Cotton_Bowl%29.jpg/150px-2019_State_Fair_Classic_01_%28Cotton_Bowl%29.jpg,
11,Wembley Stadium,"90,000",Europe,England,"London, England",https://upload.wikimedia.org/wikipedia/commons/thumb/b/bb/Post_L2_Play-Off_Final.jpg/150px-Post_L2_Play-Off_Final.jpg,England national football team
12,Lusail Stadium,"88,966",West Asia,Qatar,Lusail,https://upload.wikimedia.org/wikipedia/en/thumb/a/a3/Lusail_Stadium.jpg/150px-Lusail_Stadium.jpg,Qatar national football team
13,Bukit Jalil National Stadium,"87,411",Southeast Asia,Malaysia,Kuala Lumpur,https://upload.wikimedia.org/wikipedia/commons/thumb/a/a1/National_Stadium_Bukit_Jalil_2018_AFF_Suzuki_Cup_final.png/150px-National_Stadium_Bukit_Jalil_2018_AFF_Suzuki_Cup_final.png,Malaysia national football team
14,Borg el-Arab Stadium,"86,000",Africa,Egypt,Alexandria,https://upload.wikimedia.org/wikipedia/commons/thumb/1/1a/Borg_el_arab_stadium.jpg/150px-Borg_el_arab_stadium.jpg,"Egypt national football team, Al Ittihad, Smouha"
15,Estadio Santiago Bernabéu,"85,000",Europe,Spain,Madrid,https://upload.wikimedia.org/wikipedia/commons/thumb/0/0e/Estadio_Santiago_Bernab%C3%A9u_Madrid.jpg/150px-Estadio_Santiago_Bernab%C3%A9u_Madrid.jpg,Real Madrid
16,Estadio Mâs Monumental,"84,567",South America,Argentina,Buenos Aires,https://upload.wikimedia.org/wikipedia/commons/thumb/c/c8/Estadio_Monumental.jpg/150px-Estadio_Monumental.jpg,"Argentina national football team, River Plate"
17,Stadium Australia,"83,500",Oceania,Australia,"Sydney, New South Wales",https://upload.wikimedia.org/wikipedia/commons/thumb/f/f7/State_of_Origin_Game_II_2018.jpg/150px-State_of_Origin_Game_II_2018.jpg,"South Sydney Rabbitohs, Canterbury-Bankstown Bulldogs, New South Wales Blues, New South Wales Waratahs, Australia men's national soccer team, Australia national rugby union team"
18,MetLife Stadium,"82,500",North America,United States,"East Rutherford, New Jersey",https://upload.wikimedia.org/wikipedia/commons/thumb/5/54/Copa_America_game_between_Columbia_vs_Peru_at_the_MetLife_Stadium.jpg/150px-Copa_America_game_between_Columbia_vs_Peru_at_the_MetLife_Stadium.jpg,"New York Giants, New York Jets, United States men's national soccer team"
19,Croke Park,"82,300",Europe,Ireland,Dublin,https://upload.wikimedia.org/wikipedia/commons/thumb/9/91/Croke_park_all_ireland.jpg/150px-Croke_park_all_ireland.jpg,"Gaelic Athletic Association, Dublin GAA"
20,Jakarta International Stadium,"82,000",Southeast Asia,Indonesia,Jakarta,https://upload.wikimedia.org/wikipedia/commons/thumb/b/b2/Jakarta_International_Stadium_interior.jpg/150px-Jakarta_International_Stadium_interior.jpg,"Persija Jakarta, Indonesia national football team"
21,Lambeau Field,"81,441",North America,United States,"Green Bay, Wisconsin",https://upload.wikimedia.org/wikipedia/commons/thumb/2/27/Lambeau_Field_bowl.jpg/150px-Lambeau_Field_bowl.jpg,Green Bay Packers
22,SIGNAL IDUNA PARK,"81,365",Europe,Germany,Dortmund,https://upload.wikimedia.org/wikipedia/commons/thumb/3/38/Signal_iduna_park.jpg/150px-Signal_iduna_park.jpg,Borussia Dortmund
23,Stade de France,"81,338",Europe,France,Saint-Denis,https://upload.wikimedia.org/wikipedia/commons/thumb/5/53/StadeFranceNationsLeague2018.jpg/150px-StadeFranceNationsLeague2018.jpg,France national football team
24,Grand Sports Arena of the Luzhniki Olympic Complex,"81,000",Europe,Russia,Moscow,https://upload.wikimedia.org/wikipedia/commons/thumb/3/3c/Luzhniki_Stadium2.jpg/150px-Luzhniki_Stadium2.jpg,
25,Shah Alam Stadium,"80,372",Southeast Asia,Malaysia,"Shah Alam, Selangor",https://upload.wikimedia.org/wikipedia/commons/thumb/9/99/Shah_Alam_Stadium_%28inside%29.jpg/150px-Shah_Alam_Stadium_%28inside%29.jpg,Selangor FA
26,Estadio Monumental,"80,093",South America,Peru,Lima,https://upload.wikimedia.org/wikipedia/commons/thumb/f/f1/EstadioUniversitario.jpg/150px-EstadioUniversitario.jpg,Club Universitario de Deportes
27,Stadio Giuseppe Meazza,"80,018",Europe,Italy,"Milan, Lombardy",https://upload.wikimedia.org/wikipedia/commons/thumb/a/a3/Stadio_Giuseppe_Meazza%2C_San_Siro%2C_Milan_%283326869632%29.jpg/150px-Stadio_Giuseppe_Meazza%2C_San_Siro%2C_Milan_%283326869632%29.jpg,AC Milan and Internazionale
28,Guangdong Olympic Stadium,"80,012",East Asia,China,"Guangzhou, Guangdong",https://upload.wikimedia.org/wikipedia/commons/thumb/f/f7/Stade_Olympique_Guangdong.JPG/150px-Stade_Olympique_Guangdong.JPG,
29,Hangzhou Olympic Sports Expo Centre Stadium,"80,000",East Asia,China,"Hangzhou, Zhejiang",https://upload.wikimedia.org/wikipedia/commons/thumb/4/4c/Hangzhou_Olympic_Sports_Center_Stadium2021.jpg/150px-Hangzhou_Olympic_Sports_Center_Stadium2021.jpg,
30,AT&T Stadium,"80,000",North America,United States,"Arlington, Texas",https://upload.wikimedia.org/wikipedia/commons/thumb/5/52/Cowboys_Stadium_full_view.jpg/150px-Cowboys_Stadium_full_view.jpg,"Dallas Cowboys, FC Dallas"
31,Stade des Martyrs,"80,000",Africa,DR Congo,Kinshasa,https://upload.wikimedia.org/wikipedia/commons/thumb/d/d3/Stade_des_martyrs_0332_Kinshasa_%288756673901%29.jpg/150px-Stade_des_martyrs_0332_Kinshasa_%288756673901%29.jpg,Congo DR national football team
32,Stade Tata Raphaël,"80,000",Africa,DR Congo,Kinshasa,NO_IMAGE,"AS Vita Club, DC Motema Pembe"
33,National Sports Stadium,"80,000",Africa,Zimbabwe,Harare,NO_IMAGE,Zimbabwe national football team
34,Moi International Sports Centre,"80,000",Africa,Kenya,Nairobi,https://upload.wikimedia.org/wikipedia/commons/thumb/9/9c/Inside_the_Kasarani_Stadium.jpg/150px-Inside_the_Kasarani_Stadium.jpg,Kenya national football team
35,Beijing National Stadium,"80,000",East Asia,China,Beijing,https://upload.wikimedia.org/wikipedia/commons/thumb/5/51/Beijing_National_Stadium_2014_2.jpg/150px-Beijing_National_Stadium_2014_2.jpg,
36,Stade Léopold Sédar Senghor,"80,000",Africa,Senegal,Dakar,https://upload.wikimedia.org/wikipedia/commons/thumb/8/8f/Senegal_1_-_Cameroon_0_-_Stade_L%C3%A9opold_S%C3%A9dar_Senghor.jpg/150px-Senegal_1_-_Cameroon_0_-_Stade_L%C3%A9opold_S%C3%A9dar_Senghor.jpg,"Senegal national football team, ASC Jeanne d'Arc"
37,Maracanã,"78,838",South America,Brazil,"Rio de Janeiro, Rio de Janeiro",https://upload.wikimedia.org/wikipedia/commons/thumb/f/fe/Bosnia_players_at_Maracan%C3%A3_15_June_2014.jpg/150px-Bosnia_players_at_Maracan%C3%A3_15_June_2014.jpg,"CR Flamengo, Fluminense FC, Botafogo FR, CR Vasco da Gama"
38,Los Angeles Memorial Coliseum,"78,467",North America,United States,"Los Angeles, California",https://upload.wikimedia.org/wikipedia/commons/thumb/2/25/USC_vs_University_of_Oregon_November_2019.png/150px-USC_vs_University_of_Oregon_November_2019.png,USC Trojans
39,Azadi Stadium,"78,116",West Asia,Iran,Tehran,https://upload.wikimedia.org/wikipedia/commons/thumb/7/78/Azadi_Stadium_%287%29.jpg/150px-Azadi_Stadium_%287%29.jpg,"Iran national football team, Esteghlal FC, Persepolis FC"
40,Stadion Utama Gelora Bung Karno,"77,193",Southeast Asia,Indonesia,Jakarta,https://upload.wikimedia.org/wikipedia/commons/thumb/2/29/Gbk_persija_arema_20190803.jpg/150px-Gbk_persija_arema_20190803.jpg,"Indonesia national football team,"
41,Caesar's Superdome,"76,468",North America,United States,"New Orleans, Louisiana",https://upload.wikimedia.org/wikipedia/commons/thumb/a/a1/The_Dome_New_Orleans_Man_Trip.jpg/150px-The_Dome_New_Orleans_Man_Trip.jpg,"New Orleans Saints, Sugar Bowl"
42,Arrowhead Stadium,"76,412",North America,United States,"Kansas City, Missouri",https://upload.wikimedia.org/wikipedia/commons/thumb/1/10/25_July_2010_Kansas_City_Wizards_vs_Manchester_United_friendly.jpg/150px-25_July_2010_Kansas_City_Wizards_vs_Manchester_United_friendly.jpg,Kansas City Chiefs
43,Empower Field,"76,125",North America,United States,Denver,https://upload.wikimedia.org/wikipedia/commons/thumb/4/49/SAF_at_Mile_High_AFC_Championship_game_pom-poms.jpg/150px-SAF_at_Mile_High_AFC_Championship_game_pom-poms.jpg,Denver Broncos
44,Atatürk Olimpiyat Stadyumu,"76,092",Europe,Turkey,Istanbul,https://upload.wikimedia.org/wikipedia/commons/thumb/6/68/Istanbul_Atat%C3%BCrk_Olympic_Stadium_2.jpg/150px-Istanbul_Atat%C3%BCrk_Olympic_Stadium_2.jpg,
45,Old Trafford,"76,000",Europe,England,"Manchester, North West England",https://upload.wikimedia.org/wikipedia/commons/thumb/b/bd/Manchester_United_old_trafford_Ank_Kumar_01.jpg/150px-Manchester_United_old_trafford_Ank_Kumar_01.jpg,Manchester United
46,Allianz Arena,"75,024",Europe,Germany,Munich,https://upload.wikimedia.org/wikipedia/commons/thumb/4/48/Allainz_Arena_%28Bayern_Munich%29.jpg/150px-Allainz_Arena_%28Bayern_Munich%29.jpg,FC Bayern Munich
47,Naghsh-e-Jahan Stadium,"75,000",West Asia,Iran,Isfahan,https://upload.wikimedia.org/wikipedia/commons/thumb/4/4f/Naghsh_Jahan_Stadium.jpg/150px-Naghsh_Jahan_Stadium.jpg,Sepahan FC
48,Bank of America Stadium,"74,867",North America,United States,"Charlotte, North Carolina",https://upload.wikimedia.org/wikipedia/commons/thumb/8/85/Bank_of_America_Stadium_soccer.jpg/150px-Bank_of_America_Stadium_soccer.jpg,"Charlotte FC, Carolina Panthers"
49,Principality Stadium,"74,500",Europe,Wales,Cardiff,https://upload.wikimedia.org/wikipedia/commons/thumb/e/e6/Millennium_Stadium_-_Glanmor%E2%80%99s_Gap.jpg/150px-Millennium_Stadium_-_Glanmor%E2%80%99s_Gap.jpg,Wales national rugby union team
50,Olympiastadion,"74,475",Europe,Germany,Berlin,https://upload.wikimedia.org/wikipedia/commons/thumb/5/52/Berlin_Olympiastadion_nach_Umbau.jpg/150px-Berlin_Olympiastadion_nach_Umbau.jpg,Hertha BSC
51,Cairo International Stadium,"74,100",Africa,Egypt,Cairo,https://upload.wikimedia.org/wikipedia/commons/thumb/b/bc/Cairo_Stadium_Afcon_u23_2019.jpg/150px-Cairo_Stadium_Afcon_u23_2019.jpg,"Egypt national football team, Al Ahly, Zamalek"
52,FirstEnergy Stadium,"73,200",North America,United States,Cleveland,https://upload.wikimedia.org/wikipedia/commons/thumb/f/f1/FirstEnergy_Stadium_panorama_2016.jpg/150px-FirstEnergy_Stadium_panorama_2016.jpg,Cleveland Browns
53,Estádio Nacional Mané Garrincha,"72,788",South America,Brazil,"Brasília, Distrito Federal",https://upload.wikimedia.org/wikipedia/commons/thumb/d/da/Est%C3%A1dio_Nacional_Bras%C3%ADlia.jpg/150px-Est%C3%A1dio_Nacional_Bras%C3%ADlia.jpg,"Brasília FC, Legião FC"
54,Stadio Olimpico,"72,698",Europe,Italy,"Rome, Lazio",https://upload.wikimedia.org/wikipedia/commons/thumb/6/64/The_Stadio_Olimpico_during_a_match_between_AS_Roma_and_Sampdoria.jpg/150px-The_Stadio_Olimpico_during_a_match_between_AS_Roma_and_Sampdoria.jpg,"AS Roma, Lazio"
55,Nissan Stadium,"72,327",East Asia,Japan,"Yokohama, Kanagawa",https://upload.wikimedia.org/wikipedia/commons/thumb/9/91/International_Stadium_Yokohama-1.jpg/150px-International_Stadium_Yokohama-1.jpg,"Yokohama F. Marinos, Yokohama Eagles"
56,NRG Stadium,"72,220",North America,United States,"Houston, Texas",https://upload.wikimedia.org/wikipedia/commons/thumb/d/dc/The_Texans_at_Reliant_Park_1_Jan_2012.jpg/150px-The_Texans_at_Reliant_Park_1_Jan_2012.jpg,"Houston Texans, Houston Dynamo FC"
57,Shanghai Stadium,"72,000",East Asia,China,Shanghai,https://upload.wikimedia.org/wikipedia/commons/thumb/d/de/Shanghai_Stadium_2008.JPG/150px-Shanghai_Stadium_2008.JPG,Shanghai Shenhua
58,M&T Bank Stadium,"71,008",North America,United States,Baltimore,https://upload.wikimedia.org/wikipedia/commons/thumb/9/92/M%26T_Bank_Stadium_USA_soccer.JPG/150px-M%26T_Bank_Stadium_USA_soccer.JPG,Baltimore Ravens
59,Mercedes-Benz Stadium,"71,000",North America,United States,"Atlanta, Georgia",https://upload.wikimedia.org/wikipedia/commons/thumb/f/f2/Mercedes_Benz_Stadium_interior_2017-08-25_1.jpg/150px-Mercedes_Benz_Stadium_interior_2017-08-25_1.jpg,"Atlanta United FC, Atlanta Falcons"
60,Cívitas Metropolitano,"70,460",Europe,Spain,Madrid,https://upload.wikimedia.org/wikipedia/commons/thumb/0/05/Wanda-Metropolitano.jpg/150px-Wanda-Metropolitano.jpg,Atlético de Madrid
61,Olympic National Sports Complex Stadium,"70,000",Europe,Ukraine,Kyiv,https://upload.wikimedia.org/wikipedia/commons/thumb/0/0d/Kyiv_NSC_Olimpiyskyi_5.jpg/150px-Kyiv_NSC_Olimpiyskyi_5.jpg,"Ukraine national football team, FC Dynamo Kyiv"
62,SoFi Stadium,"70,000",North America,United States,"Inglewood, California",https://upload.wikimedia.org/wikipedia/commons/thumb/b/b0/SoFi_Stadium_interior_2021.jpg/150px-SoFi_Stadium_interior_2021.jpg,
63,Seoul Olympic Stadium,"69,950",East Asia,South Korea,Seoul,https://upload.wikimedia.org/wikipedia/commons/thumb/e/e5/%E8%9A%95%E5%AE%A4_03.jpg/150px-%E8%9A%95%E5%AE%A4_03.jpg,
64,Bakı Olimpiya stadionu,"69,870",West Asia,Azerbaijan,Baku,https://upload.wikimedia.org/wikipedia/commons/thumb/b/b9/Chelsea_won_UEFA_Europa_League_final_at_Olympic_Stadium_and_President_Ilham_Aliyev_watched_the_final_match_16.jpg/150px-Chelsea_won_UEFA_Europa_League_final_at_Olympic_Stadium_and_President_Ilham_Aliyev_watched_the_final_match_16.jpg,Azerbaijan national football team
65,Olympic Stadium,"69,618",Europe,Greece,"Marousi, Attica",https://upload.wikimedia.org/wikipedia/en/thumb/d/d6/Olympic_Stadium_at_Athens_before_a_home_game_of_Panathinaikos_on_February_2%2C_2013.jpg/150px-Olympic_Stadium_at_Athens_before_a_home_game_of_Panathinaikos_on_February_2%2C_2013.jpg,Greece national football team
66,Olympiastadion München,"69,250",Europe,Germany,Munich,https://upload.wikimedia.org/wikipedia/commons/thumb/3/35/M%C3%BCnchener_Olympiastadion.jpg/150px-M%C3%BCnchener_Olympiastadion.jpg,
67,Lumen Field,"69,000",North America,United States,"Seattle, Washington",https://upload.wikimedia.org/wikipedia/commons/thumb/5/53/Qwest_Field_North.jpg/150px-Qwest_Field_North.jpg,"Seattle Sounders FC, Seattle Seahawks"
68,Estadio Olímpico Universitario,"68,954",North America,Mexico,Mexico City,https://upload.wikimedia.org/wikipedia/commons/thumb/f/f2/Estadio_Pumas.jpg/150px-Estadio_Pumas.jpg,UNAM Pumas
69,Gillette Stadium,"68,756",North America,United States,"Foxborough, Massachusetts",https://upload.wikimedia.org/wikipedia/commons/thumb/8/8c/Stadiumguillete_%28cropped%29.jpg/150px-Stadiumguillete_%28cropped%29.jpg,"New England Patriots, New England Revolution"
70,King Abdullah Sports City Stadium,"68,560",West Asia,Saudi Arabia,Jeddah,https://upload.wikimedia.org/wikipedia/commons/thumb/6/68/Jawhara_Stadium.jpg/150px-Jawhara_Stadium.jpg,"Saudi Arabia national football team, Al-Ahli Saudi FC, Al-Ittihad Saudi Club"
71,Lincoln Financial Field,"68,532",North America,United States,Philadelphia,https://upload.wikimedia.org/wikipedia/commons/thumb/3/36/USA-Turkey-Linc.jpg/150px-USA-Turkey-Linc.jpg,"Philadelphia Eagles, Temple Owls football"
72,Levi's Stadium,"68,500",North America,United States,"Santa Clara, California",https://upload.wikimedia.org/wikipedia/commons/thumb/0/00/Entering_Levi%27s_Stadium.JPG/150px-Entering_Levi%27s_Stadium.JPG,San Francisco 49ers
73,Acrisure Stadium,"68,400",North America,United States,Pittsburgh,https://upload.wikimedia.org/wikipedia/commons/thumb/2/23/Heinz_Field_NHL_Winter_Classic.jpg/150px-Heinz_Field_NHL_Winter_Classic.jpg,"Pittsburgh Steelers, Pittsburgh Panthers football"
74,Gazprom Arena,"68,134",Europe,Russia,Saint Petersburg,https://upload.wikimedia.org/wikipedia/commons/thumb/1/1c/Fina-l2017.jpg/150px-Fina-l2017.jpg,FC Zenit Saint Petersburg
75,Salt Lake Stadium,"68,000",South Asia,India,Kolkata,https://upload.wikimedia.org/wikipedia/commons/thumb/5/5f/Salt_Lake_Stadium_during_FIFA_U17_World_Cup_2017_....jpg/150px-Salt_Lake_Stadium_during_FIFA_U17_World_Cup_2017_....jpg,"India national football team, Mohun Bagan Super Giant, East Bengal FC, Mohammedan SC"
76,National Stadium,"68,000",East Asia,Japan,Tokyo,https://upload.wikimedia.org/wikipedia/commons/thumb/7/7c/Drones_durante_a_abertura_das_Olimp%C3%ADadas_de_T%C3%B3quio.jpg/150px-Drones_durante_a_abertura_das_Olimp%C3%ADadas_de_T%C3%B3quio.jpg,
77,TIAA Bank Field,"67,814",North America,United States,"Jacksonville, Florida",https://upload.wikimedia.org/wikipedia/commons/thumb/3/36/2009_Gator_Bowl.jpg/150px-2009_Gator_Bowl.jpg,Jacksonville Jaguars
78,Orange Vélodrome,"67,394",Europe,France,Marseille,https://upload.wikimedia.org/wikipedia/commons/thumb/8/85/Stade_V%C3%A9lodrome_1.jpg/150px-Stade_V%C3%A9lodrome_1.jpg,Olympique de Marseille
79,Puskás Aréna,"67,215",Europe,Hungary,Budapest,https://upload.wikimedia.org/wikipedia/commons/thumb/3/3a/Pusk%C3%A1s_Ar%C3%A9na_01.jpg/150px-Pusk%C3%A1s_Ar%C3%A9na_01.jpg,Hungary national football team
80,Scottish Gas Murrayfield Stadium,"67,144",Europe,Scotland,Edinburgh,https://upload.wikimedia.org/wikipedia/commons/thumb/a/a1/Murrayfield_Stadium_-_geograph.org.uk_-_1246737.jpg/150px-Murrayfield_Stadium_-_geograph.org.uk_-_1246737.jpg,Scotland national rugby union team
81,Lucas Oil Stadium,"67,000",North America,United States,"Indianapolis, Indiana",https://upload.wikimedia.org/wikipedia/commons/thumb/8/89/LucasOilStadiumTheLuke.jpg/150px-LucasOilStadiumTheLuke.jpg,Indianapolis Colts
82,MorumBIS,"66,975",South America,Brazil,"São Paulo, São Paulo",https://upload.wikimedia.org/wikipedia/commons/thumb/1/13/Estadio_Morumbi_2014.jpg/150px-Estadio_Morumbi_2014.jpg,São Paulo FC
83,The Dome,"66,965",North America,United States,St. Louis,https://upload.wikimedia.org/wikipedia/commons/thumb/b/bd/2005_NCAA_North_Carolina_v_Michigan_State.JPG/150px-2005_NCAA_North_Carolina_v_Michigan_State.JPG,St. Louis BattleHawks
84,Yadegar-e-Emam Stadium,"66,833",West Asia,Iran,Tabriz,https://upload.wikimedia.org/wikipedia/commons/thumb/1/12/Yadegar_Emam_stadium_at_night_-_panoramio.jpg/150px-Yadegar_Emam_stadium_at_night_-_panoramio.jpg,Tractor Sazi FC
85,Seoul World Cup Stadium,"66,704",East Asia,South Korea,Seoul,https://upload.wikimedia.org/wikipedia/commons/thumb/b/b8/AFC_Champions_League_Final_1st_leg.jpg/150px-AFC_Champions_League_Final_1st_leg.jpg,FC Seoul
86,US Bank Stadium,"66,655",North America,United States,Minneapolis,https://upload.wikimedia.org/wikipedia/commons/thumb/6/6a/Looking_South-US_Bank_Stadium.jpg/150px-Looking_South-US_Bank_Stadium.jpg,Minnesota Vikings
87,Daegu Stadium,"66,422",East Asia,South Korea,Daegu,https://upload.wikimedia.org/wikipedia/commons/thumb/d/da/Daegu.Stadium.original.2167.jpg/150px-Daegu.Stadium.original.2167.jpg,Daegu FC
88,Workers' Stadium,"66,161",East Asia,China,Beijing,https://upload.wikimedia.org/wikipedia/commons/thumb/5/58/New_Workers%27_Stadium_under_construction_%2820221025141129%29.jpg/150px-New_Workers%27_Stadium_under_construction_%2820221025141129%29.jpg,"Beijing Guoan, China national football team"
89,London Stadium,"66,000",Europe,England,London,https://upload.wikimedia.org/wikipedia/commons/thumb/b/b1/London_Stadium_panorama_picture.jpg/150px-London_Stadium_panorama_picture.jpg,West Ham United
90,Raymond James Stadium,"65,847",North America,United States,"Tampa, Florida",https://upload.wikimedia.org/wikipedia/commons/thumb/9/9d/RaymondJamesStadium2022.jpg/150px-RaymondJamesStadium2022.jpg,"Tampa Bay Buccaneers, South Florida Bulls football, Tampa Bay Vipers"
91,Hard Rock Stadium,"65,326",North America,United States,"Miami Gardens, Florida",https://upload.wikimedia.org/wikipedia/commons/thumb/9/99/Interior_of_updated_Hard_Rock_Stadium.jpg/150px-Interior_of_updated_Hard_Rock_Stadium.jpg,"Miami Dolphins, Miami Hurricanes football"
92,Olympic Stadium,"65,255",North America,Canada,"Montreal, Quebec",https://upload.wikimedia.org/wikipedia/commons/thumb/f/fc/Montreal_Impact_CONCACAF_FINAL.jpg/150px-Montreal_Impact_CONCACAF_FINAL.jpg,CF Montréal
93,Basra International Stadium,"65,227",West Asia,Iraq,Basra,https://upload.wikimedia.org/wikipedia/commons/thumb/6/62/Basra_International_Stadium_Opening_2.JPG/150px-Basra_International_Stadium_Opening_2.JPG,Iraq national football team
94,Camping World Stadium,"65,000",North America,United States,"Orlando, Florida",https://upload.wikimedia.org/wikipedia/commons/thumb/4/4c/Citrus_Bowl%2C_Construction_progress.jpg/150px-Citrus_Bowl%2C_Construction_progress.jpg,
95,Alamodome,"65,000",North America,United States,San Antonio,https://upload.wikimedia.org/wikipedia/commons/thumb/0/0d/Alamodome_Conference_USA_Championship.jpg/150px-Alamodome_Conference_USA_Championship.jpg,UTSA Roadrunners football
96,Ford Field,"65,000",North America,United States,Detroit,https://upload.wikimedia.org/wikipedia/commons/thumb/b/b3/FordField-2008NCAAtournament-MidwestRegional.jpg/150px-FordField-2008NCAAtournament-MidwestRegional.jpg,Detroit Lions
97,Stade Ibn Battuta,"65,000",Africa,Morocco,Tangier,https://upload.wikimedia.org/wikipedia/commons/thumb/9/93/Stade_Ibn_Batuta%2C_Tanger.jpg/150px-Stade_Ibn_Batuta%2C_Tanger.jpg,IR Tanger
98,Estádio do Sport Lisboa e Benfica,"64,642",Europe,Portugal,Lisbon,https://upload.wikimedia.org/wikipedia/commons/thumb/1/1b/LuzLissabon.jpg/150px-LuzLissabon.jpg,Benfica
99,Stade du 5-juillet-1962,"64,000",Africa,Algeria,Algiers,https://upload.wikimedia.org/wikipedia/commons/thumb/a/a0/Stade_5_Juillet_1962.jpg/150px-Stade_5_Juillet_1962.jpg,Algeria national football team
100,Castelão,"63,903",South America,Brazil,"Fortaleza, Ceará",https://upload.wikimedia.org/wikipedia/commons/thumb/e/ec/Castel%C3%A3o_Arena_%285%29.jpg/150px-Castel%C3%A3o_Arena_%285%29.jpg,"Ceará SC, Fortaleza EC"
101,Saitama Stadium 2002,"63,700",East Asia,Japan,Saitama,https://upload.wikimedia.org/wikipedia/commons/thumb/6/60/Saitama_Stadium_Panorama.jpg/150px-Saitama_Stadium_Panorama.jpg,"Urawa Red Diamonds, Saitama Wild Knights"
102,Ellis Park Stadium,"62,567",Africa,South Africa,"Johannesburg, Gauteng",https://upload.wikimedia.org/wikipedia/commons/thumb/b/bc/Warm-ups_at_Brazil_%26_North_Korea_match_at_FIFA_World_Cup_2010-06-15_1.jpg/150px-Warm-ups_at_Brazil_%26_North_Korea_match_at_FIFA_World_Cup_2010-06-15_1.jpg,"Orlando Pirates FC, Emirates Johannesburg Lions"
103,Tottenham Hotspur Stadium,"62,303",Europe,England,London,https://upload.wikimedia.org/wikipedia/commons/thumb/8/8c/Spurs_stadium_January_2020.jpg/150px-Spurs_stadium_January_2020.jpg,Tottenham Hotspur
104,VELTINS-Arena,"62,271",Europe,Germany,Gelsenkirchen,https://upload.wikimedia.org/wikipedia/commons/thumb/d/d2/080110_schalke_arena_germany.JPG/150px-080110_schalke_arena_germany.JPG,FC Schalke 04
105,Yizhong Sports Centre Stadium,"62,000",East Asia,China,"Qingdao, Shandong",https://upload.wikimedia.org/wikipedia/commons/thumb/7/77/Qingdao_Guoxin_Stadium.jpg/150px-Qingdao_Guoxin_Stadium.jpg,Qingdao Jonoon FC
106,Estádio Governador Magalhães Pinto,"61,846",South America,Brazil,"Belo Horizonte, Minas Gerais",https://upload.wikimedia.org/wikipedia/commons/thumb/6/69/Stadion_Belo_Horizonte_Halbfinale_WM_2014_%2822117986076%29.jpg/150px-Stadion_Belo_Horizonte_Halbfinale_WM_2014_%2822117986076%29.jpg,"Atlético Mineiro, Cruzeiro EC"
107,King Fahd International Stadium,"61,781",West Asia,Saudi Arabia,Riyadh,https://upload.wikimedia.org/wikipedia/commons/thumb/2/2b/%E3%82%AD%E3%83%B3%E3%82%B0%E3%83%95%E3%82%A1%E3%83%8F%E3%83%89%E5%9B%BD%E9%9A%9B%E3%82%B9%E3%82%BF%E3%82%B8%E3%82%A2%E3%83%A0.jpg/150px-%E3%82%AD%E3%83%B3%E3%82%B0%E3%83%95%E3%82%A1%E3%83%8F%E3%83%89%E5%9B%BD%E9%9A%9B%E3%82%B9%E3%82%BF%E3%82%B8%E3%82%A2%E3%83%A0.jpg,"Saudi Arabia national football team, Al-Hilal, Al-Nassr, Al-Shabab"
108,Soldier Field,"61,500",North America,United States,Chicago,https://upload.wikimedia.org/wikipedia/commons/thumb/8/8b/The_Refurbished_Soldier_Field.jpg/150px-The_Refurbished_Soldier_Field.jpg,Chicago Bears
109,Nanjing Olympic Sports Centre Stadium,"61,443",East Asia,China,"Nanjing, Jiangsu",https://upload.wikimedia.org/wikipedia/commons/thumb/b/b5/Nanjing_Olympic_Sports_Center_inner_view_%282016%29.jpg/150px-Nanjing_Olympic_Sports_Center_inner_view_%282016%29.jpg,
110,Anfield,"61,276",Europe,England,"Liverpool, England",https://upload.wikimedia.org/wikipedia/commons/thumb/0/02/Panorama_of_Anfield_with_new_main_stand_%2829676137824%29.jpg/150px-Panorama_of_Anfield_with_new_main_stand_%2829676137824%29.jpg,Liverpool FC
111,Estadio Benito Villamarín,"60,720",Europe,Spain,Seville,https://upload.wikimedia.org/wikipedia/commons/thumb/6/6d/Estadio_Benito_Villamar%C3%ADn_2018001.jpg/150px-Estadio_Benito_Villamar%C3%ADn_2018001.jpg,Real Betis
112,Abuja Stadium,"60,491",Africa,Nigeria,Abuja,https://upload.wikimedia.org/wikipedia/commons/thumb/d/d2/Football_heaven.jpg/150px-Football_heaven.jpg,Nigeria national football team
113,MHPArena,"60,469",Europe,Germany,Stuttgart,https://upload.wikimedia.org/wikipedia/commons/thumb/5/53/Neckarstadion_2011.jpg/150px-Neckarstadion_2011.jpg,VfB Stuttgart
114,Celtic Park,"60,411",Europe,Scotland,Glasgow,https://upload.wikimedia.org/wikipedia/commons/thumb/c/ce/Celtic_park_2.jpg/150px-Celtic_park_2.jpg,Celtic FC
115,Estadio de la UNSA,"60,370",South America,Peru,Arequipa,https://upload.wikimedia.org/wikipedia/commons/thumb/e/ef/OutsideUNSA.jpg/150px-OutsideUNSA.jpg,FBC Melgar
116,Emirates Stadium,"60,338",Europe,England,London,https://upload.wikimedia.org/wikipedia/commons/thumb/d/d1/Emirates_Stadium_-_East_stand_Club_Level.jpg/150px-Emirates_Stadium_-_East_stand_Club_Level.jpg,Arsenal
117,Shenzhen Universiade Sports Centre Stadium,"60,334",East Asia,China,"Shenzhen, Guangdong",https://upload.wikimedia.org/wikipedia/commons/thumb/1/11/%E6%B7%B1%E5%9C%B3%E9%BE%99%E5%B2%97%E5%A4%A7%E8%BF%90%E4%B8%AD%E5%BF%83%E4%BD%93%E8%82%B2%E9%A6%86%E5%86%85%E9%83%A8.jpg/150px-%E6%B7%B1%E5%9C%B3%E9%BE%99%E5%B2%97%E5%A4%A7%E8%BF%90%E4%B8%AD%E5%BF%83%E4%BD%93%E8%82%B2%E9%A6%86%E5%86%85%E9%83%A8.jpg,
118,Estadio Centenario,"60,235",South America,Uruguay,Montevideo,https://upload.wikimedia.org/wikipedia/commons/thumb/9/98/Estadio_Centenario_2021.jpg/150px-Estadio_Centenario_2021.jpg,Uruguay national football team
119,Estádio José do Rego Maciel,"60,044",South America,Brazil,"Recife, Pernambuco",https://upload.wikimedia.org/wikipedia/commons/thumb/1/1b/Arruda_em_novembro_de_2013.JPG/150px-Arruda_em_novembro_de_2013.JPG,Santa Cruz FC
120,Al-Bayt Stadium,"60,000",West Asia,Qatar,Al-Khor,https://upload.wikimedia.org/wikipedia/en/thumb/7/71/Al_Bayt_Stadium_architecture.jpg/150px-Al_Bayt_Stadium_architecture.jpg,
121,Benjamin Mkapa National Stadium,"60,000",Africa,Tanzania,Dar es-Salaam,https://upload.wikimedia.org/wikipedia/commons/thumb/e/ef/Tanzania_National_Main_Stadium_Aerial.jpg/150px-Tanzania_National_Main_Stadium_Aerial.jpg,"Tanzania national football team, Young Africans"
122,Hefei Olympic Sports Centre Stadium,"60,000",East Asia,China,"Hefei, Anhui",https://upload.wikimedia.org/wikipedia/commons/thumb/8/8e/Hefei_Olympic_Sports_Center_Stadium.jpg/150px-Hefei_Olympic_Sports_Center_Stadium.jpg,Anhui Jiufang
123,Jaber al-Ahmad International Stadium,"60,000",West Asia,Kuwait,Kuwait City,https://upload.wikimedia.org/wikipedia/en/thumb/1/18/Jaber_Al-Ahmad_International_Stadium_2019_local.png/150px-Jaber_Al-Ahmad_International_Stadium_2019_local.png,Kuwait national football team
124,Hammadi Agrebi Stadium,"60,000",Africa,Tunisia,Tunis,https://upload.wikimedia.org/wikipedia/commons/thumb/0/02/Mozambique-Tunisia_match_2009.jpg/150px-Mozambique-Tunisia_match_2009.jpg,Tunisia national football team
125,Jawaharlal Nehru Stadium,"60,000",South Asia,India,New Delhi,https://upload.wikimedia.org/wikipedia/commons/thumb/a/a0/Jawaharlal_Nehru_Stadium%2C_New_Delhi.png/150px-Jawaharlal_Nehru_Stadium%2C_New_Delhi.png,
126,Mogadishu Stadium,"60,000",Africa,Somalia,Mogadishu,https://upload.wikimedia.org/wikipedia/commons/thumb/e/e0/Mogadishustadium.jpg/150px-Mogadishustadium.jpg,Somalia national football team
127,National Heroes Stadium,"60,000",Africa,Zambia,Lusaka,https://upload.wikimedia.org/wikipedia/commons/thumb/f/fe/Inauguration_of_Edgar_Lungu.jpg/150px-Inauguration_of_Edgar_Lungu.jpg,Zambian national football team
128,Autzen Stadium,"60,000",North America,United States,"Eugene, Oregon",https://upload.wikimedia.org/wikipedia/commons/thumb/3/34/Autzen_Stadium_at_night.jpg/150px-Autzen_Stadium_at_night.jpg,
129,Odi Stadium,"60,000",Africa,South Africa,"Mabopane, Gauteng",NO_IMAGE,
130,Morodok Techo National Stadium,"60,000",Southeast Asia,Cambodia,Phnom Penh,https://upload.wikimedia.org/wikipedia/commons/thumb/6/6d/Morodok_Techo_National_Stadium.jpg/150px-Morodok_Techo_National_Stadium.jpg,Cambodia national football team
131,Shenyang Olympic Sports Centre Stadium,"60,000",East Asia,China,"Shenyang, Liaoning",https://upload.wikimedia.org/wikipedia/commons/thumb/5/52/Shenyang_Olympic_Sports_Center_Stadium_drone_view_1.jpg/150px-Shenyang_Olympic_Sports_Center_Stadium_drone_view_1.jpg,
132,Optus Stadium,"60,000",Oceania,Australia,"Perth, Western Australia",https://upload.wikimedia.org/wikipedia/commons/thumb/c/cb/Perth_Stadium_opening_210118_gnangarra-10.jpg/150px-Perth_Stadium_opening_210118_gnangarra-10.jpg,"Perth Glory FC, Fremantle Dockers, West Coast Eagles"
133,Estadio Monumental Isidro Romero Carbo,"59,283",South America,Ecuador,Guayaquil,https://upload.wikimedia.org/wikipedia/commons/thumb/3/30/Estadio_Monumental_de_Barcelona.jpg/150px-Estadio_Monumental_de_Barcelona.jpg,Barcelona Sporting Club
134,Groupama Stadium,"59,186",Europe,France,Décines-Charpieu,https://upload.wikimedia.org/wikipedia/commons/thumb/c/c4/Stade_Lumi%C3%A8re.jpg/150px-Stade_Lumi%C3%A8re.jpg,Olympique Lyonnais
135,Chongqing Olympic Sports Centre Stadium,"58,680",East Asia,China,Chongqing,https://upload.wikimedia.org/wikipedia/commons/thumb/e/e1/Chongqing_Olympic_Stadium.jpg/150px-Chongqing_Olympic_Stadium.jpg,
136,Kazimierz Górski National Stadium,"58,580",Europe,Poland,Warsaw,https://upload.wikimedia.org/wikipedia/commons/thumb/7/76/National_Stadium_panorama.jpg/150px-National_Stadium_panorama.jpg,Poland national football team
137,Stadio San Nicola,"58,270",Europe,Italy,"Bari, Apulia",https://upload.wikimedia.org/wikipedia/commons/thumb/7/7f/Nuoviseggiolinisannicola.jpg/150px-Nuoviseggiolinisannicola.jpg,SSC Bari
138,Commanders Field,"58,000",North America,United States,"Landover, Maryland",https://upload.wikimedia.org/wikipedia/commons/thumb/7/78/FedexField2014.jpg/150px-FedexField2014.jpg,Washington Commanders
139,Deutsche Bank Park,"58,000",Europe,Germany,Frankfurt,https://upload.wikimedia.org/wikipedia/commons/thumb/f/f4/Commerzbank-Arena_%28Haupttrib%C3%BCne%29.JPG/150px-Commerzbank-Arena_%28Haupttrib%C3%BCne%29.JPG,Eintracht Frankfurt
140,Estadio La Cartuja de Sevilla,"57,619",Europe,Spain,Seville,https://upload.wikimedia.org/wikipedia/commons/thumb/7/7b/Panoramio_-_V%26A_Dudush_-_Estadio_Ol%C3%ADmpico_57_619.jpg/150px-Panoramio_-_V%26A_Dudush_-_Estadio_Ol%C3%ADmpico_57_619.jpg,
141,Carter–Finley Stadium,"57,583",North America,United States,"Raleigh, North Carolina",https://upload.wikimedia.org/wikipedia/commons/thumb/2/2e/Carter_Finley_Stadium_at_Sunset.jpg/150px-Carter_Finley_Stadium_at_Sunset.jpg,NC State Wolfpack football
142,Estadio Alberto J. Armando,"57,200",South America,Argentina,Buenos Aires,https://upload.wikimedia.org/wikipedia/commons/thumb/9/99/La_Bombonera.jpg/150px-La_Bombonera.jpg,CA Boca Juniors
143,Volksparkstadion,"57,030",Europe,Germany,Hamburg,https://upload.wikimedia.org/wikipedia/commons/thumb/7/79/Volksparkstadion_Panorama.jpg/150px-Volksparkstadion_Panorama.jpg,Hamburger SV
144,Estadio Mario Alberto Kempes,"57,000",South America,Argentina,Córdoba,https://upload.wikimedia.org/wikipedia/commons/thumb/d/d9/Estadio_Kempes_luego_de_finalizar_un_partido.jpg/150px-Estadio_Kempes_luego_de_finalizar_un_partido.jpg,"Talleres de Córdoba, some Belgrano de Córdoba matches."
145,Jinan Olympic Sports Centre Stadium,"56,808",East Asia,China,"Jinan, Shandong",https://upload.wikimedia.org/wikipedia/commons/thumb/1/1f/JinanOlympic.JPG/150px-JinanOlympic.JPG,Shandong Taishan
146,Estadio Jalisco,"56,713",North America,Mexico,"Guadalajara, Jalisco",https://upload.wikimedia.org/wikipedia/commons/thumb/8/82/Estadio_Jalisco_06022022.jpg/150px-Estadio_Jalisco_06022022.jpg,Atlas
147,Commonwealth Stadium,"56,302",North America,Canada,"Edmonton, Alberta",https://upload.wikimedia.org/wikipedia/commons/thumb/f/f3/Commonwealth_Stadium.jpg/150px-Commonwealth_Stadium.jpg,"Edmonton Elks, Canadian men's and women's national teams"
148,Dodger Stadium,"56,000",North America,United States,Los Angeles,https://upload.wikimedia.org/wikipedia/commons/thumb/d/d2/Dodger_Stadium_field_from_upper_deck_2015-10-04.jpg/150px-Dodger_Stadium_field_from_upper_deck_2015-10-04.jpg,Los Angeles Dodgers
149,Stade du 19-mai-1956,"56,000",Africa,Algeria,Annaba,https://upload.wikimedia.org/wikipedia/commons/thumb/8/88/Annaba_Stadium.jpg/150px-Annaba_Stadium.jpg,USM Annaba
150,Estadi Olímpic Lluís Companys,"55,926",Europe,Spain,"Barcelona, Catalonia",https://upload.wikimedia.org/wikipedia/commons/thumb/f/ff/Estadi_Ol%C3%ADmpic_Llu%C3%ADs_Companys_-_Barcelona%2C_Spain_-_Jan_2007.jpg/150px-Estadi_Ol%C3%ADmpic_Llu%C3%ADs_Companys_-_Barcelona%2C_Spain_-_Jan_2007.jpg,
151,Arena do Grêmio,"55,662",South America,Brazil,"Porto Alegre, Rio Grande do Sul",https://upload.wikimedia.org/wikipedia/commons/thumb/a/a2/Arena_do_Gr%C3%AAmio.jpg/150px-Arena_do_Gr%C3%AAmio.jpg,Grêmio FBPA
152,Arena Națională,"55,634",Europe,Romania,Bucharest,https://upload.wikimedia.org/wikipedia/commons/thumb/1/1a/Stadionul_National_-_National_Arena_3.jpg/150px-Stadionul_National_-_National_Arena_3.jpg,Romania national football team
153,Stadion Rajko Mitić,"55,538",Europe,Serbia,Belgrade,https://upload.wikimedia.org/wikipedia/commons/thumb/7/70/Zvezda_stadion.jpg/150px-Zvezda_stadion.jpg,"Red Star Belgrade, Serbia national football team"
154,Stadion Śląski,"55,211",Europe,Poland,Chorzów,https://upload.wikimedia.org/wikipedia/commons/thumb/c/c4/Widok_bramka.jpg/150px-Widok_bramka.jpg,"Poland national football team, Ruch Chorzów"
155,Etihad Stadium,"55,097",Europe,England,"Manchester, North West England",https://upload.wikimedia.org/wikipedia/commons/thumb/b/b8/Etihad_Stadium.jpg/150px-Etihad_Stadium.jpg,Manchester City
156,Mestalla,"55,000",Europe,Spain,Valencia,https://upload.wikimedia.org/wikipedia/commons/thumb/a/af/CAMP_DE_MESTALLA_GRADA_DE_LA_MAR_2014_%282%29.JPG/150px-CAMP_DE_MESTALLA_GRADA_DE_LA_MAR_2014_%282%29.JPG,Valencia CF
157,National Stadium,"55,000",Southeast Asia,Singapore,Singapore,https://upload.wikimedia.org/wikipedia/commons/thumb/f/f5/SingaporeNationalStadiumJapanBrazilFootball.jpg/150px-SingaporeNationalStadiumJapanBrazilFootball.jpg,Singapore national football team
158,National Stadium,"55,000",East Asia,Taiwan,Kaohsiung,https://upload.wikimedia.org/wikipedia/commons/thumb/5/5f/The_Main_Stadium_for_2009_World_Games_panorama.jpg/150px-The_Main_Stadium_for_2009_World_Games_panorama.jpg,Chinese Taipei national football team
159,He Long Stadium,"55,000",East Asia,China,"Changsha, Hunan",https://upload.wikimedia.org/wikipedia/commons/thumb/7/75/Helong_Stadium.jpg/150px-Helong_Stadium.jpg,
160,Cape Town Stadium,"55,000",Africa,South Africa,"Cape Town, Western Cape",https://upload.wikimedia.org/wikipedia/commons/thumb/0/06/Cape_Town_Stadium_Inside.jpg/150px-Cape_Town_Stadium_Inside.jpg,"Cape Town City FC, DHL Western Cape Stormers"
161,Plovdiv Stadium,"55,000",Europe,Bulgaria,Plovdiv,https://upload.wikimedia.org/wikipedia/commons/thumb/0/0c/Plovdiv_Stadium.JPG/150px-Plovdiv_Stadium.JPG,
162,Bobby Dodd Stadium,"55,000",North America,United States,Atlanta,https://upload.wikimedia.org/wikipedia/commons/thumb/a/a4/BDS2013.jpg/150px-BDS2013.jpg,Georgia Tech Yellow Jackets football
163,Johan Cruijff Arena,"54,990",Europe,Netherlands,Amsterdam,https://upload.wikimedia.org/wikipedia/commons/thumb/7/73/Ajax_0_Chelsea_1_%2823Oct19%29.jpg/150px-Ajax_0_Chelsea_1_%2823Oct19%29.jpg,AFC Ajax
164,Tianhe Stadium,"54,856",East Asia,China,"Guangzhou, Guangdong",https://upload.wikimedia.org/wikipedia/commons/thumb/1/1f/Tianhe_Stadium.jpg/150px-Tianhe_Stadium.jpg,
165,Stadio Diego Armando Maradona,"54,726",Europe,Italy,Naples,https://upload.wikimedia.org/wikipedia/commons/thumb/f/f0/Braciere_olimpico_XXX_Universiade_Napoli_2019.jpg/150px-Braciere_olimpico_XXX_Universiade_Napoli_2019.jpg,SSC Napoli
166,Tianjin Olympic Sports Centre Stadium,"54,696",East Asia,China,Tianjin,https://upload.wikimedia.org/wikipedia/commons/thumb/7/72/Tianjin_Olympic_Center_Stadium.jpg/150px-Tianjin_Olympic_Center_Stadium.jpg,Tianjin Teda
167,MERKUR SPIEL-ARENA,"54,600",Europe,Germany,Düsseldorf,https://upload.wikimedia.org/wikipedia/commons/thumb/a/a7/LTU_arena_panorama.jpg/150px-LTU_arena_panorama.jpg,Fortuna Düsseldorf
168,Boris Paitchadze Dinamo Arena,"54,549",West Asia,Georgia,Tbilisi,https://upload.wikimedia.org/wikipedia/commons/thumb/3/38/Boris_Paichadze_Dinamo_Arena%2C_Samtredia_-_Qaraba%C4%9F.jpg/150px-Boris_Paichadze_Dinamo_Arena%2C_Samtredia_-_Qaraba%C4%9F.jpg,"Georgia national football team, FC Dinamo Tbilisi"
169,Wuhan Sports Centre Stadium,"54,357",East Asia,China,"Wuhan, Hubei",https://upload.wikimedia.org/wikipedia/commons/thumb/6/6d/Wuhan_Sport_Centre_01.jpg/150px-Wuhan_Sport_Centre_01.jpg,
170,BC Place Stadium,"54,320",North America,Canada,"Vancouver, British Columbia",https://upload.wikimedia.org/wikipedia/commons/thumb/f/ff/BC_Place_2015_Women%27s_FIFA_World_Cup.jpg/150px-BC_Place_2015_Women%27s_FIFA_World_Cup.jpg,"Vancouver Whitecaps FC, BC Lions"
171,Yankee Stadium,"54,251",North America,United States,New York City,https://upload.wikimedia.org/wikipedia/commons/thumb/5/5f/YankeeStadium-9-21-22-1.jpg/150px-YankeeStadium-9-21-22-1.jpg,"New York Yankees, New York City FC"
172,Hrazdan Stadium,"54,208",West Asia,Armenia,Yerevan,https://upload.wikimedia.org/wikipedia/commons/thumb/7/71/HrazdanArmeniaTurkey.JPG/150px-HrazdanArmeniaTurkey.JPG,"FC Ararat Yerevan, Ulisses FC"
173,BORUSSIA-PARK,"54,057",Europe,Germany,Mönchengladbach,https://upload.wikimedia.org/wikipedia/commons/thumb/5/5d/Borussia-Park_DEU-FRA_2011.jpg/150px-Borussia-Park_DEU-FRA_2011.jpg,Borussia Mönchengladbach
174,Moses Mabhida Stadium,"54,000",Africa,South Africa,"Durban, KwaZulu-Natal",https://upload.wikimedia.org/wikipedia/commons/thumb/9/9c/FIFA_World_Cup_2010_Netherlands_Japan.jpg/150px-FIFA_World_Cup_2010_Netherlands_Japan.jpg,"AmaZulu FC, Cell C Durban Sharks"
175,Busan Asiad Main Stadium,"53,864",East Asia,South Korea,Busan,https://upload.wikimedia.org/wikipedia/commons/thumb/7/73/BusanAsiadStadium.jpg/150px-BusanAsiadStadium.jpg,Busan IPark
176,Estádio Estadual Jornalista Edgar Augusto Proença,"53,645",South America,Brazil,"Belém, Pará",https://upload.wikimedia.org/wikipedia/commons/thumb/6/6e/Mangueir%C3%A3o_em_2023.jpg/150px-Mangueir%C3%A3o_em_2023.jpg,"Paysandu SC, Clube do Remo, Tuna Luso Brasileira, SC Belem"
177,Estadio Único Diego Armando Maradona,"53,600",South America,Argentina,La Plata,https://upload.wikimedia.org/wikipedia/commons/thumb/8/88/EstadioUnicoLaPlata_Interior_June2014.jpg/150px-EstadioUnicoLaPlata_Interior_June2014.jpg,
178,Adelaide Oval,"53,500",Oceania,Australia,"Adelaide, South Australia",https://upload.wikimedia.org/wikipedia/commons/thumb/a/a3/After_Game_Kick_and_Catch_%2813750115664%29.jpg/150px-After_Game_Kick_and_Catch_%2813750115664%29.jpg,"Adelaide Crows, Port Adelaide Powers"
179,Docklands Stadium,"53,359",Oceania,Australia,"Melbourne, Victoria",https://upload.wikimedia.org/wikipedia/commons/thumb/7/71/Melbourne_Derby_December_2014.jpg/150px-Melbourne_Derby_December_2014.jpg,"Western Bulldogs, Essendon, St. Kilda, Carlton, North Melbourne"
180,Estádio Municipal João Havelange,"53,350",South America,Brazil,"Uberlândia, Minas Gerais",https://upload.wikimedia.org/wikipedia/commons/thumb/2/2f/Est%C3%A1dio_Parque_do_Sabi%C3%A1.jpg/150px-Est%C3%A1dio_Parque_do_Sabi%C3%A1.jpg,Uberlânia EC
181,San Mamés,"53,332",Europe,Spain,Bilbao,https://upload.wikimedia.org/wikipedia/commons/thumb/f/f8/San_Mames%2C_Bilbao%2C_Euskal_Herria_-_Basque_Country.jpg/150px-San_Mames%2C_Bilbao%2C_Euskal_Herria_-_Basque_Country.jpg,Athletic Bilbao
182,Aleppo International Stadium,"53,200",West Asia,Syria,Aleppo,https://upload.wikimedia.org/wikipedia/commons/thumb/b/be/Aleppo_International_Stadium%2C_day_view%2C_2009_%281%29.jpg/150px-Aleppo_International_Stadium%2C_day_view%2C_2009_%281%29.jpg,Al-Ittihad
183,Estadio Nacional,"53,086",South America,Peru,Lima,https://upload.wikimedia.org/wikipedia/commons/thumb/b/b8/Estadio_Nacional_nuevo_07_10_2011.jpg/150px-Estadio_Nacional_nuevo_07_10_2011.jpg,Peru national football team
184,Huanglong Stadium,"52,672",East Asia,China,"Hangzhou, Zhejiang",https://upload.wikimedia.org/wikipedia/commons/thumb/5/53/Hangzhou-yellow-dragon-stad.jpg/150px-Hangzhou-yellow-dragon-stad.jpg,Hangzhou FC
185,RAMS Park,"52,652",Europe,Turkey,Istanbul,https://upload.wikimedia.org/wikipedia/commons/thumb/d/d7/Galatasaray_Arena_North-West_Corner.jpg/150px-Galatasaray_Arena_North-West_Corner.jpg,Galatasaray
186,Suncorp Stadium,"52,500",Oceania,Australia,"Brisbane, Queensland",https://upload.wikimedia.org/wikipedia/commons/thumb/4/46/Suncorpstadium071006a.JPG/150px-Suncorpstadium071006a.JPG,"Brisbane Broncos, Queensland Maroons, Brisbane Roar FC, Queensland Reds"
187,St. James' Park,"52,405",Europe,England,"Newcastle upon Tyne, North East",https://upload.wikimedia.org/wikipedia/commons/thumb/6/6e/StJamesParkPanorama.jpg/150px-StJamesParkPanorama.jpg,Newcastle United
188,Kings Park Stadium,"52,000",Africa,South Africa,"Durban, KwaZulu-Natal",https://upload.wikimedia.org/wikipedia/commons/thumb/b/bc/Kings_Park_panorama.jpg/150px-Kings_Park_panorama.jpg,"Lamontville Golden Arrows, Cell C Durban Sharks"
189,Newlands Stadium,"51,900",Africa,South Africa,"Cape Town, Western Cape",https://upload.wikimedia.org/wikipedia/commons/thumb/4/48/Proudly_South_African.jpg/150px-Proudly_South_African.jpg,
190,Hampden Park,"51,866",Europe,Scotland,Glasgow,https://upload.wikimedia.org/wikipedia/commons/thumb/d/dc/Hampden_Park%2C_January_2023.jpg/150px-Hampden_Park%2C_January_2023.jpg,"Scotland national football team, Queen's Park"
191,Estadio Monumental de Maturín,"51,796",South America,Venezuela,Maturín,https://upload.wikimedia.org/wikipedia/commons/thumb/8/8d/Monumental_de_maturin_3.jpg/150px-Monumental_de_maturin_3.jpg,Monagas Sport Club
192,Loftus Versfeld Stadium,"51,762",Africa,South Africa,"Pretoria, Gauteng",https://upload.wikimedia.org/wikipedia/commons/thumb/6/6c/Loftus_Versfeld_Game_Night.JPG/150px-Loftus_Versfeld_Game_Night.JPG,SuperSport United and Vodacom Pretoria Bulls
193,Aviva Stadium,"51,700",Europe,Ireland,Dublin,https://upload.wikimedia.org/wikipedia/commons/thumb/a/a1/Aviva_Stadium_Panoramic.jpg/150px-Aviva_Stadium_Panoramic.jpg,"Leinster Rugby, Republic of Ireland national football team, Ireland national rugby union team"
194,Guiyang Olympic Sports Centre Stadium,"51,638",East Asia,China,"Guiyang, Guizhou",https://upload.wikimedia.org/wikipedia/commons/thumb/c/c3/Guiyang_Olympic_Sports_Center.jpg/150px-Guiyang_Olympic_Sports_Center.jpg,
195,Hohhot City Stadium,"51,632",East Asia,China,"Hohhot, Inner Mongolia",https://upload.wikimedia.org/wikipedia/commons/thumb/5/57/Hohhot_City_Stadium.jpg/150px-Hohhot_City_Stadium.jpg,
196,Rajamangala National Stadium,"51,552",Southeast Asia,Thailand,Bangkok,https://upload.wikimedia.org/wikipedia/commons/thumb/0/06/Rajamangala_Stadium_Panorama.jpg/150px-Rajamangala_Stadium_Panorama.jpg,Thailand national football team
197,Donbass Arena,"51,504",Europe,Ukraine,Donetsk,https://upload.wikimedia.org/wikipedia/en/thumb/8/8c/Donbass_Arena.jpg/150px-Donbass_Arena.jpg,
198,Estadio Presidente Juan Domingo Perón,"51,389",South America,Argentina,Avellaneda,https://upload.wikimedia.org/wikipedia/commons/thumb/7/77/Panoramica_Cilindro.jpg/150px-Panoramica_Cilindro.jpg,Racing Club de Avellaneda
199,İzmir Atatürk Stadyumu,"51,295",West Asia,Turkey,İzmir,https://upload.wikimedia.org/wikipedia/commons/thumb/e/ec/%C4%B0zmir_Atat%C3%BCrk_Stadyumu.jpg/150px-%C4%B0zmir_Atat%C3%BCrk_Stadyumu.jpg,"Altay SK, Göztepe AŞ"
200,Stadion Feijenoord,"51,117",Europe,Netherlands,Rotterdam,https://upload.wikimedia.org/wikipedia/commons/thumb/8/89/Rotterdam_De_Kuip_1.jpg/150px-Rotterdam_De_Kuip_1.jpg,Feyenoord
201,Estadio BBVA,"51,000",North America,Mexico,Monterrey,https://upload.wikimedia.org/wikipedia/commons/thumb/f/f9/Estadio_BBVA.jpg/150px-Estadio_BBVA.jpg,CF Monterrey
202,Ghadir Stadium,"51,000",West Asia,Iran,Ahvaz,https://upload.wikimedia.org/wikipedia/commons/thumb/5/5a/Al-Ghadeer_Stadium.jpg/150px-Al-Ghadeer_Stadium.jpg,Foolad FC
203,Estádio José Pinheiro Borda,"50,942",South America,Brazil,Porto Alegre. Rio Grande do Sul,https://upload.wikimedia.org/wikipedia/commons/thumb/3/31/Beira-Rio-Stadium-Porto-Alegre-Brazil.jpg/150px-Beira-Rio-Stadium-Porto-Alegre-Brazil.jpg,SC Internacional
204,Ibrox Stadium,"50,817",Europe,Scotland,Glasgow,https://upload.wikimedia.org/wikipedia/commons/thumb/4/41/Rangers-SM_%281%29.jpg/150px-Rangers-SM_%281%29.jpg,Rangers FC
205,Shizuoka Stadium,"50,889",East Asia,Japan,"Fukuroi, Shizuoka",https://upload.wikimedia.org/wikipedia/commons/thumb/d/d7/Ecopa030304.jpg/150px-Ecopa030304.jpg,"Júbilo Iwata, Shimizu S-Pulse, Shizuoka Blue Revs"
206,Ernst-Happel-Stadion,"50,865",Europe,Austria,Vienna,https://upload.wikimedia.org/wikipedia/commons/thumb/3/3c/EM_2008_Elfmeter_Kroatien_%C3%96sterreich.jpg/150px-EM_2008_Elfmeter_Kroatien_%C3%96sterreich.jpg,Austria national football team
207,Huntington Bank Stadium,"50,805",North America,United States,Minneapolis,https://upload.wikimedia.org/wikipedia/en/thumb/c/cf/MNUFCTCF.jpeg/150px-MNUFCTCF.jpeg,Minnesota Golden Gophers football
208,Estadio Cuauhtémoc,"50,754",North America,Mexico,Puebla,https://upload.wikimedia.org/wikipedia/commons/thumb/2/24/Rampa_norte.jpg/150px-Rampa_norte.jpg,Puebla FC
209,Strawberry Arena,"50,653",Europe,Sweden,Solna,https://upload.wikimedia.org/wikipedia/commons/thumb/2/2b/FriendsArena_SwedenSpain.jpg/150px-FriendsArena_SwedenSpain.jpg,"Sweden men's national football team, AIK Fotboll"
210,Ülker Stadyumu,"50,509",West Asia,Turkey,Istanbul,https://upload.wikimedia.org/wikipedia/commons/thumb/6/67/Sukrusaracoglu.jpg/150px-Sukrusaracoglu.jpg,Fenerbahçe
211,Stanford Stadium,"50,424",North America,United States,"Palo Alto, California",https://upload.wikimedia.org/wikipedia/commons/thumb/d/da/2008-1115-006-USC-Stanford-PAN.jpg/150px-2008-1115-006-USC-Stanford-PAN.jpg,
212,Stade Pierre-Mauroy,"50,186",Europe,France,Villeneuve-d'Ascq,https://upload.wikimedia.org/wikipedia/commons/thumb/9/90/Mauroy_Stadium_Eurobasket_2015.JPG/150px-Mauroy_Stadium_Eurobasket_2015.JPG,Lille OSC
213,Stade Roi Baudouin,"50,122",Europe,Belgium,Brussels,https://upload.wikimedia.org/wikipedia/commons/thumb/a/a4/Stade_Roi_Baudouin.JPG/150px-Stade_Roi_Baudouin.JPG,Belgium national football team
214,Shaanxi Province Stadium,"50,100",East Asia,China,"Xi'an, Shaanxi",NO_IMAGE,
215,Ajinomoto Stadium,"50,100",East Asia,Japan,"Chofu, Tokyo",https://upload.wikimedia.org/wikipedia/commons/thumb/5/5c/Ajinomoto_Stadium_2018-13.jpg/150px-Ajinomoto_Stadium_2018-13.jpg,"FC Tokyo, Tokyo Verdy, Tokyo Sungoliath, Toshiba Brave Lupus Tokyo"
216,Estádio José Alvalade,"50,095",Europe,Portugal,Lisbon,https://upload.wikimedia.org/wikipedia/commons/thumb/c/cc/Alvalade0023.jpg/150px-Alvalade0023.jpg,Sporting CP
217,Estádio do Dragão,"50,033",Europe,Portugal,Porto,https://upload.wikimedia.org/wikipedia/commons/thumb/b/b8/Porto_Est%C3%A1dio_do_Drag%C3%A3o_2.jpg/150px-Porto_Est%C3%A1dio_do_Drag%C3%A3o_2.jpg,FC Porto
218,Casa de Apostas Arena Fonte Nova,"50,025",South America,Brazil,"Salvador, Bahia",https://upload.wikimedia.org/wikipedia/commons/thumb/3/35/Arena_Fonte_Nova_External_View.jpg/150px-Arena_Fonte_Nova_External_View.jpg,EC Bahia
219,Stade Olympique de Sousse,"50,000",Africa,Tunisia,Sousse,https://upload.wikimedia.org/wikipedia/commons/thumb/b/be/Stade_olympique_de_Sousse.jpg/150px-Stade_olympique_de_Sousse.jpg,Étoile du Sahel
220,RheinEnergieSTADION,"50,000",Europe,Germany,Cologne,https://upload.wikimedia.org/wikipedia/commons/thumb/8/82/FIFA_WM06_Stadion_Koeln.jpg/150px-FIFA_WM06_Stadion_Koeln.jpg,1. FC Köln
221,Harbin Sports City Centre Stadium,"50,000",East Asia,China,"Harbin, Heilongjiang",NO_IMAGE,
222,Greenfield International Stadium,"50,000",South Asia,India,Trivandrum,https://upload.wikimedia.org/wikipedia/commons/thumb/3/35/Greenfield_International_Stadium_Kerala.jpg/150px-Greenfield_International_Stadium_Kerala.jpg,
223,EMS Stadium,"50,000",South Asia,India,Kozhikode,https://upload.wikimedia.org/wikipedia/commons/thumb/1/1b/Kozhikode_EMS_Stadium.jpg/150px-Kozhikode_EMS_Stadium.jpg,"India national football team, Gokulam Kerala FC"
224,KD Singh Babu Stadium,"50,000",South Asia,India,Lucknow,https://upload.wikimedia.org/wikipedia/commons/thumb/6/60/K_D_Singh_Babu_Stadium.jpg/150px-K_D_Singh_Babu_Stadium.jpg,
225,Eden Park,"50,000",Oceania,New Zealand,Auckland,https://upload.wikimedia.org/wikipedia/commons/thumb/e/e6/Auckland_EdenPark.jpg/150px-Auckland_EdenPark.jpg,"Auckland Blues, New Zealand Warriors"
226,Estádio 11 de Novembro,"50,000",Africa,Angola,Luanda,https://upload.wikimedia.org/wikipedia/commons/thumb/6/6b/Football_stadium_%286178263468%29.jpg/150px-Football_stadium_%286178263468%29.jpg,"Angola national football team, Primeiro de Agosto, Petro Luanda"
227,Henan Provincial Stadium,"50,000",East Asia,China,"Zhengzhou, Henan",NO_IMAGE,
228,Jiangxi Olympic Sports Center,"50,000",East Asia,China,"Nanchang, Jiangxi",NO_IMAGE,
229,Max-Morlock-Stadion,"50,000",Europe,Germany,Nuremberg,https://upload.wikimedia.org/wikipedia/commons/thumb/1/15/Frankenstadion_2.JPG/150px-Frankenstadion_2.JPG,1. FC Nürnberg
230,June 11 Stadium,"50,000",Africa,Libya,Tripoli,https://upload.wikimedia.org/wikipedia/commons/thumb/7/77/11_June_Stadium_BenTaher.jpg/150px-11_June_Stadium_BenTaher.jpg,"Libya, Al-Ahly SC, Al-Ittihad Tripoli, Al-Madina SC"
231,Xinjiang Sports Centre Stadium,"50,000",East Asia,China,"Urumqi, Xinjiang",NO_IMAGE,
232,Kim Il-sung Stadium,"50,000",East Asia,North Korea,Pyongyang,https://upload.wikimedia.org/wikipedia/commons/thumb/3/39/North_Korea_v_Philippines%2C_8_October_2015_F.png/150px-North_Korea_v_Philippines%2C_8_October_2015_F.png,Pyongyang City Sports Club
233,EDION Stadium Hiroshima,"50,000",East Asia,Japan,Hiroshima,https://upload.wikimedia.org/wikipedia/commons/thumb/3/3e/Big_Arch_Stadium_Panorama.jpg/150px-Big_Arch_Stadium_Panorama.jpg,Sanfrecce Hiroshima
234,Pars Shiraz Stadium,"50,000",West Asia,Iran,Shiraz,https://upload.wikimedia.org/wikipedia/commons/thumb/b/be/Pars_Stadium_Photos_Image_6.jpg/150px-Pars_Stadium_Photos_Image_6.jpg,Fajr Sepasi Shiraz FC
235,Stade du 26 mars,"50,000",Africa,Mali,Bamako,https://upload.wikimedia.org/wikipedia/commons/thumb/1/10/Stade_du_26-mars.png/150px-Stade_du_26-mars.png,Stade Malien
236,Stade Abdoulaye Wade,"50,000",Africa,Senegal,Dakar,NO_IMAGE,Senegal national football team
237,Sultan Mizan Zainal Abidin Stadium,"50,000",Southeast Asia,Malaysia,Kuala Terengganu,https://upload.wikimedia.org/wikipedia/commons/thumb/0/00/Sultan_Mizan_Zainal_Abidin_Stadium_%28Night%29_2021.jpg/150px-Sultan_Mizan_Zainal_Abidin_Stadium_%28Night%29_2021.jpg,Terengganu FA
238,Estadio Akron,"49,850",North America,Mexico,Guadalajara,https://upload.wikimedia.org/wikipedia/commons/thumb/f/f1/Omnilife_Stadium.png/150px-Omnilife_Stadium.png,C.D. Guadalajara
239,Levy Mwanawasa Stadium,"49,800",Africa,Zambia,Lusaka,NO_IMAGE,Zesco United
240,Fritz-Walter-Stadion,"49,780",Europe,Germany,Kaiserslautern,https://upload.wikimedia.org/wikipedia/commons/thumb/1/18/Kaiserslautern_18.JPG/150px-Kaiserslautern_18.JPG,1. FC Kaiserslautern
241,Estadio José Amalfitani,"49,540",South America,Argentina,Buenos Aires,https://upload.wikimedia.org/wikipedia/commons/thumb/3/33/Argentina_A_vs_Inglaterra_A_02.JPG/150px-Argentina_A_vs_Inglaterra_A_02.JPG,CA Vélez Sársfield
242,Camille Chamoun Sports City Stadium,"49,500",West Asia,Lebanon,Beirut,https://upload.wikimedia.org/wikipedia/commons/thumb/a/a8/Camille_Chamoun_Sports_City_Stadium_2018_-_Beirut_derby_%28Nejmeh_fans%29.png/150px-Camille_Chamoun_Sports_City_Stadium_2018_-_Beirut_derby_%28Nejmeh_fans%29.png,"Lebanon national football team, Al Ahed FC, Al Ansar FC, Nejmeh SC"
243,Miyagi Stadium,"49,133",East Asia,Japan,"Rifu, Miyagi",https://upload.wikimedia.org/wikipedia/commons/thumb/9/9b/MiyagiStadiumTrackField.jpg/150px-MiyagiStadiumTrackField.jpg,Vegalta Sendai
244,Incheon Munhak Stadium,"49,084",East Asia,South Korea,Incheon,https://upload.wikimedia.org/wikipedia/commons/thumb/d/df/Munhak_Stadium_Corner.jpg/150px-Munhak_Stadium_Corner.jpg,
245,Heinz-von-Heiden-Arena,"49,000",Europe,Germany,Hanover,https://upload.wikimedia.org/wikipedia/commons/thumb/9/9e/HDI_Arena%2C_WM_Stadion_2006.jpg/150px-HDI_Arena%2C_WM_Stadion_2006.jpg,Hannover 96
246,Parc des Princes,"48,712",Europe,France,Paris,https://upload.wikimedia.org/wikipedia/commons/thumb/8/89/PSG-Nantes_Parc_des_Princes_05.jpg/150px-PSG-Nantes_Parc_des_Princes_05.jpg,Paris Saint-Germain
247,Stadium of Light,"48,707",Europe,England,"Sunderland, Tyne and Wear",https://upload.wikimedia.org/wikipedia/commons/thumb/7/7d/Stadium_of_Light%2C_Sunderland_afc.jpg/150px-Stadium_of_Light%2C_Sunderland_afc.jpg,Sunderland AFC
248,Estadio Nacional,"48,665",South America,Chile,Santiago,https://upload.wikimedia.org/wikipedia/commons/thumb/1/15/Adios_Matador.jpg/150px-Adios_Matador.jpg,"Chile national football team, CF Universidad de Chile"
249,Nelson Mandela Bay Stadium,"48,459",Africa,South Africa,"Port Elizabeth, Eastern Cape",https://upload.wikimedia.org/wikipedia/commons/thumb/9/9b/Nelson_Mandela_Stadium_in_Port_Elizabeth_%28cropped%29.jpg/150px-Nelson_Mandela_Stadium_in_Port_Elizabeth_%28cropped%29.jpg,Chippa United FC
250,Estadio Tomás Adolfo Ducó,"48,314",South America,Argentina,Buenos Aires,https://upload.wikimedia.org/wikipedia/commons/thumb/3/3c/Estadio_huracan_interior_tribuna_gcba.jpg/150px-Estadio_huracan_interior_tribuna_gcba.jpg,CA Huracán
251,Jinnah Sports Stadium,"48,200",South Asia,Pakistan,Islamabad,https://upload.wikimedia.org/wikipedia/commons/thumb/1/12/Jinnah_Sports_Stadium_track_and_field.jpg/150px-Jinnah_Sports_Stadium_track_and_field.jpg,Pakistan national football team
252,Estadio Libertadores de América,"48,069",South America,Argentina,Avellaneda,https://upload.wikimedia.org/wikipedia/commons/thumb/b/b3/Estadio_Libertadores_de_America_2014.JPG/150px-Estadio_Libertadores_de_America_2014.JPG,Club Atlético Independiente
253,Free State Stadium,"48,000",Africa,South Africa,"Bloemfontein, Free State",https://upload.wikimedia.org/wikipedia/commons/thumb/9/9e/Free_State_Stadium1.jpg/150px-Free_State_Stadium1.jpg,"Bloemfontein Celtic, Toyota Cheetahs"
254,Nagai Stadium,"47,816",East Asia,Japan,Osaka,https://upload.wikimedia.org/wikipedia/commons/thumb/3/3e/Nagai_stadium20040717.jpg/150px-Nagai_stadium20040717.jpg,"Cerezo Osaka, NTT DoCoMo Red Hurricanes Osaka"
255,Neo Química Arena,"47,605",South America,Brazil,"São Paulo, São Paulo",https://upload.wikimedia.org/wikipedia/commons/thumb/6/64/Corinthians_x_Gr%C3%AAmio_-_Brasileir%C3%A3o_2016.jpg/150px-Corinthians_x_Gr%C3%AAmio_-_Brasileir%C3%A3o_2016.jpg,Corinthians
256,Rogers Centre,"47,568",North America,Canada,"Toronto, Ontario",https://upload.wikimedia.org/wikipedia/commons/thumb/7/79/Toronto_-_ON_-_Rogers_Centre2.jpg/150px-Toronto_-_ON_-_Rogers_Centre2.jpg,"Toronto FC, Toronto Argonauts"
257,Estadio Monumental,"47,347",South America,Chile,Santiago,https://upload.wikimedia.org/wikipedia/commons/thumb/0/0e/Estadio_Monumental_2009.jpg/150px-Estadio_Monumental_2009.jpg,Colo-Colo
258,Stadio Artemio Franchi,"47,282",Europe,Italy,Florence,https://upload.wikimedia.org/wikipedia/commons/thumb/a/aa/Soccer_in_Florence%2C_Italy%2C_2007.jpg/150px-Soccer_in_Florence%2C_Italy%2C_2007.jpg,ACF Fiorentina
259,Estadio Ciudad de Lanús – Néstor Díaz Pérez,"47,027",South America,Argentina,Lanús,https://upload.wikimedia.org/wikipedia/commons/thumb/1/1e/Editat%C3%B3n_Club_Lan%C3%BAs_-_Instalaciones_%288%29.JPG/150px-Editat%C3%B3n_Club_Lan%C3%BAs_-_Instalaciones_%288%29.JPG,CA Lanús
260,Estadio Metropolitano Roberto Meléndez,"46,788",South America,Colombia,Barranquilla,https://upload.wikimedia.org/wikipedia/commons/thumb/b/b0/Estadio_Metropolitano_de_Baranquilla_2011.jpg/150px-Estadio_Metropolitano_de_Baranquilla_2011.jpg,"Colombia national football team, Atlético Junior"
261,Estádio Olímpico Nilton Santos,"46,831",South America,Brazil,"Rio de Janeiro, Rio de Janeiro",https://upload.wikimedia.org/wikipedia/commons/thumb/a/a8/Est%C3%A1dio_Municipal_Jo%C3%A3o_Havelange_14072007.jpg/150px-Est%C3%A1dio_Municipal_Jo%C3%A3o_Havelange_14072007.jpg,Botafogo FR
262,Itaipava Arena Pernambuco,"46,154",South America,Brazil,"São Lourenço da Mata, Pernambuco",https://upload.wikimedia.org/wikipedia/commons/thumb/6/62/Panorama_of_Arena_Pernambuco.jpg/150px-Panorama_of_Arena_Pernambuco.jpg,Náutico
263,Arena MRV,"46,000",South America,Brazil,"Belo Horizonte, Minas Gerais",https://upload.wikimedia.org/wikipedia/commons/thumb/5/54/Arena_MRV_em_obras_vista_da_Via_Expressa_%28dezembro_de_2022%29.jpg/150px-Arena_MRV_em_obras_vista_da_Via_Expressa_%28dezembro_de_2022%29.jpg,C Atlético Mineiro
264,Estádio Paulo Constantino,"45,954",South America,Brazil,"Presidente Prudente, São Paulo",https://upload.wikimedia.org/wikipedia/commons/thumb/c/c0/Derby_Paulista_%28Corinthians-Palmeiras%29_Paulist%C3%A3o_2009.jpg/150px-Derby_Paulista_%28Corinthians-Palmeiras%29_Paulist%C3%A3o_2009.jpg,Grêmio Prudente
265,Estadio Atanasio Girardot,"45,739",South America,Colombia,Medellín,https://upload.wikimedia.org/wikipedia/commons/thumb/4/4a/Atanasio_Girardot_Stadium.jpg/150px-Atanasio_Girardot_Stadium.jpg,"Atlético Nacional, Independiente Medellín"
266,Estadio Ramón Sánchez Pizjuán,"45,500",Europe,Spain,Seville,https://upload.wikimedia.org/wikipedia/commons/thumb/1/17/Sevilla2-1Lega20182.jpg/150px-Sevilla2-1Lega20182.jpg,Sevilla FC
267,Adrar Stadium,"45,480",Africa,Morocco,Agadir,https://upload.wikimedia.org/wikipedia/commons/thumb/5/51/Stade-Adrar2019.png/150px-Stade-Adrar2019.png,Hassania Agadir
268,Lukoil Arena,"45,360",Europe,Russia,Moscow,https://upload.wikimedia.org/wikipedia/commons/thumb/6/62/Match_veteranov_Spartaka_%2813%29.jpg/150px-Match_veteranov_Spartaka_%2813%29.jpg,Spartak Moscow
269,Grand stade de Marrakech,"45,240",Africa,Morocco,Marrakesh,https://upload.wikimedia.org/wikipedia/commons/thumb/0/0d/Stade_de_marrakech.jpg/150px-Stade_de_marrakech.jpg,Kawkab Marrakech
270,Mandela National Stadium,"45,202",Africa,Uganda,Kampala,https://upload.wikimedia.org/wikipedia/commons/thumb/3/3c/Mandela_National_Stadium%2C_Uganda.JPG/150px-Mandela_National_Stadium%2C_Uganda.JPG,Uganda national football team
271,Tarczyński Arena Wrocław,"45,105",Europe,Poland,Wrocław,https://upload.wikimedia.org/wikipedia/commons/thumb/a/a3/Wroc%C5%82aw_Municipal_Stadium_-_Euro_2012_%28panorama%29.jpg/150px-Wroc%C5%82aw_Municipal_Stadium_-_Euro_2012_%28panorama%29.jpg,Śląsk Wrocław
272,Kazan Arena,"45,105",Europe,Russia,Kazan,https://upload.wikimedia.org/wikipedia/commons/thumb/5/56/Poland_v._Colombia_%2842095441565%29.jpg/150px-Poland_v._Colombia_%2842095441565%29.jpg,Rubin Kazan
273,Estadio Inca Garcilaso de la Vega,"45,056",South America,Peru,Cusco,https://upload.wikimedia.org/wikipedia/commons/thumb/1/10/Estadio_garcilaso_cienciano.jpg/150px-Estadio_garcilaso_cienciano.jpg,"CS Cienciano, Deportivo Garcilaso, Cusco FC"
274,Estádio da Machava,"45,000",Africa,Mozambique,Maputo,NO_IMAGE,Mozambique national football team
275,Stadion Gelora Bung Tomo,"45,000",Southeast Asia,Indonesia,"Surabaya, East Java",NO_IMAGE,Persebaya Surabaya
276,Stadion Harapan Banga,"45,000",Southeast Asia,Indonesia,"Banda Aceh, Aceh",NO_IMAGE,"Persiraja, Aceh United"
277,Estadio General Pablo Rojas,"45,000",South America,Paraguay,Asunción,https://upload.wikimedia.org/wikipedia/commons/thumb/c/c4/Estadio_General_Pablo_Rojas.jpg/150px-Estadio_General_Pablo_Rojas.jpg,Club Cerro Porteño
278,Stade Mohammed V,"45,000",Africa,Morocco,Casablanca,https://upload.wikimedia.org/wikipedia/commons/thumb/7/70/Stade_Mohamed_V%2C_Casablanca.jpg/150px-Stade_Mohamed_V%2C_Casablanca.jpg,"Wydad, Raja"
279,Latakia Sports City Stadium,"45,000",West Asia,Syria,Latakia,NO_IMAGE,
280,Zibo Sports Centre Stadium,"45,000",East Asia,China,"Zibo, Shandong",NO_IMAGE,
281,Weifang Sports Centre Stadium,"45,000",East Asia,China,"Weifang, Shandong",NO_IMAGE,
282,Yantai Sports Park Stadium,"45,000",East Asia,China,"Yantai, Shandong",NO_IMAGE,
283,Stadium Tuanku Abdul Rahman,"45,000",Southeast Asia,Malaysia,Seremban,https://upload.wikimedia.org/wikipedia/commons/thumb/f/f5/Stadium_Tuanku_Abdul_Rahman%2C_Paroi.jpg/150px-Stadium_Tuanku_Abdul_Rahman%2C_Paroi.jpg,"ATM FA, Negeri Sembilan"
284,Stade du Complexe sportif de Fès,"45,000",Africa,Morocco,Fes,https://upload.wikimedia.org/wikipedia/commons/thumb/1/1c/Complexe_sportif_de_F%C3%A8s.jpg/150px-Complexe_sportif_de_F%C3%A8s.jpg,"Wydad de Fès, Maghreb de Fès"
285,Lagos National Stadium,"45,000",Africa,Nigeria,Lagos,NO_IMAGE,Nigeria national football team
286,Egyptian Army Stadium,"45,000",Africa,Egypt,Suez,NO_IMAGE,
287,Toyota Stadium,"45,000",East Asia,Japan,"Toyota City, Aichi",https://upload.wikimedia.org/wikipedia/commons/thumb/5/58/JPNxGEO20180623_%283%29.jpg/150px-JPNxGEO20180623_%283%29.jpg,"Nagoya Grampus, Toyota Verblitz"
288,Zayed Sports City Stadium,"45,000",West Asia,United Arab Emirates,Abu Dhabi,https://upload.wikimedia.org/wikipedia/commons/thumb/a/a7/Abu_Dhabi_Zayed_Sports_City_Stadium_2.jpg/150px-Abu_Dhabi_Zayed_Sports_City_Stadium_2.jpg,
289,Red Bull Arena,"44,345",Europe,Germany,Leipzig,https://upload.wikimedia.org/wikipedia/commons/thumb/c/ca/Leipzig_stadium.jpg/150px-Leipzig_stadium.jpg,RB Leipzig
290,Estádio Governador Alberto Tavares Silva,"44,200",South America,Brazil,Teresina,NO_IMAGE,"River AC, EC Flamengo, Piauí EC, SE Tiradentes, Auto EC"
291,Estádio Universitário Pedro Pedrossian,"44,200",South America,Brazil,"Campo Grande, Mato Grosso do Sul",https://upload.wikimedia.org/wikipedia/commons/thumb/f/fa/0253l.jpg/150px-0253l.jpg,"EC Comercial, Operário FC"
292,Ulsan Munsu Football Stadium,"44,102",East Asia,South Korea,Ulsan,https://upload.wikimedia.org/wikipedia/commons/thumb/b/b2/Munsu_20121110_204310_5.jpg/150px-Munsu_20121110_204310_5.jpg,Ulsan HD FC
293,Arena Pantanal,"44,097",South America,Brazil,"Cuiabá, Mato Grosso",https://upload.wikimedia.org/wikipedia/commons/thumb/1/1c/Arena_Pantanal.jpg/150px-Arena_Pantanal.jpg,"Cuiabá, Mixto EC"
294,Arena da Amazônia,"44,000",South America,Brazil,"Manaus, Amazonas",https://upload.wikimedia.org/wikipedia/commons/thumb/4/43/Arena_Amaz%C3%B4nia_Manaus.jpg/150px-Arena_Amaz%C3%B4nia_Manaus.jpg,Nacional FC
295,Suwon World Cup Stadium,"43,959",East Asia,South Korea,Suwon,https://upload.wikimedia.org/wikipedia/commons/thumb/2/2e/20121003_Suwon_vs_Seoul.jpg/150px-20121003_Suwon_vs_Seoul.jpg,Suwon Samsung Bluewings
296,Stadion Utama Riau,"43,923",Southeast Asia,Indonesia,"Pekanbaru, Riau",https://upload.wikimedia.org/wikipedia/commons/thumb/4/4b/Riau_Main_Stadium_%28cropped%29.JPG/150px-Riau_Main_Stadium_%28cropped%29.JPG,PSPS Pekanbaru
297,Allianz Parque,"43,713",South America,Brazil,"São Paulo, São Paulo",https://upload.wikimedia.org/wikipedia/commons/thumb/9/95/Imagens_da_Cidade_de_S%C3%A3o_Paulo_e_Zool%C3%B3gico_da_Capital_Paulista._%2847480340301%29.jpg/150px-Imagens_da_Cidade_de_S%C3%A3o_Paulo_e_Zool%C3%B3gico_da_Capital_Paulista._%2847480340301%29.jpg,SE Palmeiras
298,Shandong Provincial Stadium,"43,700",East Asia,China,"Jinan, Shandong",https://upload.wikimedia.org/wikipedia/commons/thumb/4/49/SHANGDONGSPORTS.jpg/150px-SHANGDONGSPORTS.jpg,
299,Polsat Plus Arena Gdańsk,"43,615",Europe,Poland,Gdańsk,https://upload.wikimedia.org/wikipedia/commons/thumb/1/17/Gda%C5%84sk%2C_Stadion_PGE_Arena_-_fotopolska.eu_%28326975%29.jpg/150px-Gda%C5%84sk%2C_Stadion_PGE_Arena_-_fotopolska.eu_%28326975%29.jpg,Lechia Gdańsk
300,Estadio Pedro Bidegain,"43,494",South America,Argentina,Buenos Aires,https://upload.wikimedia.org/wikipedia/commons/thumb/1/10/Platea_Este_Nuevo_Gasometro_1.jpg/150px-Platea_Este_Nuevo_Gasometro_1.jpg,CA San Lorenzo de Almagro
301,Stadion Miejski w Poznaniu,"43,269",Europe,Poland,Poznań,https://upload.wikimedia.org/wikipedia/commons/thumb/c/c0/Stadion_Miejski_w_Poznaniu_2013_panorama.jpg/150px-Stadion_Miejski_w_Poznaniu_2013_panorama.jpg,"Lech Poznań, Warta Poznań"
302,Vasil Levski National Stadium,"43,230",Europe,Bulgaria,Sofia,https://upload.wikimedia.org/wikipedia/commons/thumb/9/93/Vasil_Levski_National_Stadium_2022.jpg/150px-Vasil_Levski_National_Stadium_2022.jpg,Bulgaria national football team
303,Estadio Universidad San Marcos,"43,000",South America,Peru,Lima,https://upload.wikimedia.org/wikipedia/commons/thumb/0/06/Vista_estadios_san_marcos.jpg/150px-Vista_estadios_san_marcos.jpg,Deportivo Universidad San Marcos
304,Ullevi,"43,000",Europe,Sweden,Gothenburg,https://upload.wikimedia.org/wikipedia/commons/thumb/8/8d/Ullevi_stadium%2C_23_june_2018.png/150px-Ullevi_stadium%2C_23_june_2018.png,Sweden women's national football team
305,Jinzhou Binhai Sports Centre Stadium,"43,000",East Asia,China,Jinzhou,NO_IMAGE,
306,Estadio General Santander,"42,901",South America,Colombia,Cúcuta,https://upload.wikimedia.org/wikipedia/commons/thumb/4/46/Cucuta704.jpg/150px-Cucuta704.jpg,Cúcuta Deportivo
307,Villa Park,"42,682",Europe,England,"Birmingham, West Midlands",https://upload.wikimedia.org/wikipedia/commons/thumb/a/a1/Villa_Stadion_panorama_2016.jpg/150px-Villa_Stadion_panorama_2016.jpg,Aston Villa
308,Perak Stadium,"42,500",Southeast Asia,Malaysia,Perak,https://upload.wikimedia.org/wikipedia/commons/thumb/d/dc/Perak_Stadium.JPG/150px-Perak_Stadium.JPG,Perak FA
309,Jeonju World Cup Stadium,"42,477",East Asia,South Korea,Jeonju,https://upload.wikimedia.org/wikipedia/commons/thumb/7/72/%EC%A0%84%EC%A3%BC%EC%9B%94%EB%93%9C%EC%BB%B5%EA%B2%BD%EA%B8%B0%EC%9E%A5.jpg/150px-%EC%A0%84%EC%A3%BC%EC%9B%94%EB%93%9C%EC%BB%B5%EA%B2%BD%EA%B8%B0%EC%9E%A5.jpg,Jeonbuk Hyundai Motors FC
310,Ligga Arena,"42,372",South America,Brazil,"Curitiba, Paraná",https://upload.wikimedia.org/wikipedia/commons/thumb/2/20/Arenadabaixada2.jpg/150px-Arenadabaixada2.jpg,Athletico Paranaense
311,Weserstadion,"42,358",Europe,Germany,Bremen,https://upload.wikimedia.org/wikipedia/commons/thumb/a/a6/Weserstadion_panorama.JPG/150px-Weserstadion_panorama.JPG,SV Werder Bremen
312,Denka Big Swan Stadium,"42,300",East Asia,Japan,"Niigata, Niigata",https://upload.wikimedia.org/wikipedia/commons/thumb/f/ff/Bigswan080628.JPG/150px-Bigswan080628.JPG,Albirex Niigata
313,Estadio Olimpico Metropolitano de Mérida,"42,200",South America,Venezuela,Mérida,https://upload.wikimedia.org/wikipedia/commons/thumb/1/1f/Metropolitanodemeridacopamerica.jpg/150px-Metropolitanodemeridacopamerica.jpg,Estudiantes de Mérida
314,Daejeon World Cup Stadium,"42,176",East Asia,South Korea,Daejeon,https://upload.wikimedia.org/wikipedia/commons/thumb/7/76/Daejeon_World_Cup_Stadium.JPG/150px-Daejeon_World_Cup_Stadium.JPG,Daejeon Citizen
315,Matmut ATLANTIQUE,"42,115",Europe,France,Bordeaux,https://upload.wikimedia.org/wikipedia/commons/thumb/7/7f/500px_photo_%28165733217%29.jpeg/150px-500px_photo_%28165733217%29.jpeg,FC Girondins de Bordeaux
316,Helsingin Olympiastadion,"42,062",Europe,Finland,Helsinki,https://upload.wikimedia.org/wikipedia/commons/thumb/b/b3/Olympiastadion_2_2020-08-12.jpg/150px-Olympiastadion_2_2020-08-12.jpg,Finland national football team
317,Estádio Serra Dourada,"42,000",South America,Brazil,"Goiânia, Goiás",https://upload.wikimedia.org/wikipedia/commons/thumb/5/5f/Serra_Dourada_Lotado.jpg/150px-Serra_Dourada_Lotado.jpg,"Goiás Esporte Clube, Vila Nova, Atlético Goianiense"
318,Estadio Deportivo Cali,"42,000",South America,Colombia,Cali,https://upload.wikimedia.org/wikipedia/commons/thumb/9/9b/SportingCali12.png/150px-SportingCali12.png,Deportivo Cali
319,Estadio Modelo Alberto Spencer,"42,000",South America,Ecuador,Guayaquil,https://upload.wikimedia.org/wikipedia/commons/thumb/b/bf/Estadio_Modelo_Lleno_2007_-_panoramio.jpg/150px-Estadio_Modelo_Lleno_2007_-_panoramio.jpg,"Club Sport Patria, Club Deportivo Everest, Panamá Sporting Club, Rocafuerte Fútbol Club"
320,Estádio do Zimpeto,"42,000",Africa,Mozambique,Maputo,NO_IMAGE,Mozambique national football team
321,Chengdu Sports Centre Stadium,"42,000",East Asia,China,"Chengdu, Sichuan",https://upload.wikimedia.org/wikipedia/commons/thumb/0/02/Chengdu_Sports_Center.JPG/150px-Chengdu_Sports_Center.JPG,
322,Royal Bafokeng Stadium,"42,000",Africa,South Africa,"Phokeng, North West",https://upload.wikimedia.org/wikipedia/commons/thumb/6/67/Royal_Bafokeng_Stadium%2C_Phokeng.jpg/150px-Royal_Bafokeng_Stadium%2C_Phokeng.jpg,
323,Estadio Universitario,"42,000",North America,Mexico,San Nicolás de los Garza,https://upload.wikimedia.org/wikipedia/commons/thumb/0/07/Estadio_Universitario_Concachampions.jpg/150px-Estadio_Universitario_Concachampions.jpg,Tigres de la UANL
324,Estadio Brigadier General Estanislao López,"42,000",South America,Argentina,Santa Fe,https://upload.wikimedia.org/wikipedia/commons/thumb/5/59/Estadio_Brigadier_General_Estanislao_L%C3%B3pez_-_Col%C3%B3n_de_Santa_Fe.jpg/150px-Estadio_Brigadier_General_Estanislao_L%C3%B3pez_-_Col%C3%B3n_de_Santa_Fe.jpg,Club Atlético Colón
325,Estadio Marcelo Bielsa,"42,000",South America,Argentina,Rosario,https://upload.wikimedia.org/wikipedia/commons/thumb/2/23/Estadio_Marcelo_Bielsa.jpg/150px-Estadio_Marcelo_Bielsa.jpg,Newell's Old Boys
326,Stade Geoffroy-Guichard,"41,965",Europe,France,Saint-Étienne,https://upload.wikimedia.org/wikipedia/commons/thumb/9/99/St_Etienne_Stade_Geoffroy_Guichard.jpg/150px-St_Etienne_Stade_Geoffroy_Guichard.jpg,AS Saint-Étienne
327,Vodafone Park,"41,903",Europe,Turkey,Istanbul,https://upload.wikimedia.org/wikipedia/commons/thumb/9/94/Vodafone_Park_Panorama.jpg/150px-Vodafone_Park_Panorama.jpg,Beşiktaş J.K.
328,Peter Mokaba Stadium,"41,733",Africa,South Africa,Polokwane,https://upload.wikimedia.org/wikipedia/commons/thumb/c/cd/Teams_are_warming_up_%284738980575%29.jpg/150px-Teams_are_warming_up_%284738980575%29.jpg,Polokwane City FC
329,Estadio Gigante de Arroyito,"41,654",South America,Argentina,Rosario,https://upload.wikimedia.org/wikipedia/commons/thumb/6/66/Estadio_Gigante_de_Arroyito.jpg/150px-Estadio_Gigante_de_Arroyito.jpg,Rosario Central
330,Estadio Cachamay,"41,600",South America,Venezuela,Ciudad Guayana,https://upload.wikimedia.org/wikipedia/en/thumb/a/a0/CTE_Chamay_Aereo_Cut.jpg/150px-CTE_Chamay_Aereo_Cut.jpg,"Atlético Club Mineros de Guayana, AC Minervén FC"
331,Estadio de Liga Deportiva Universitaria,"41,596",South America,Ecuador,Quito,https://upload.wikimedia.org/wikipedia/commons/thumb/f/f6/Cl%C3%A1sico_Liga_de_Quito-Barcelona_de_Guayaquil.JPG/150px-Cl%C3%A1sico_Liga_de_Quito-Barcelona_de_Guayaquil.JPG,LDU
332,Allianz Stadium,"41,507",Europe,Italy,"Turin, Piedmont",https://upload.wikimedia.org/wikipedia/commons/thumb/0/0e/Juventus_Stadium_in_Turin_-_Champions_League_2013-14_-_Juventus_v_Real_Madrid.jpg/150px-Juventus_Stadium_in_Turin_-_Champions_League_2013-14_-_Juventus_v_Real_Madrid.jpg,Juventus FC
333,Sapporo Dome,"41,484",East Asia,Japan,"Sapporo, Hokkaido",https://upload.wikimedia.org/wikipedia/commons/thumb/f/f1/Sapporo_Dome_001.jpeg/150px-Sapporo_Dome_001.jpeg,Hokkaido Consadole Sapporo
334,Stamford Bridge,"41,663",Europe,England,London,https://upload.wikimedia.org/wikipedia/commons/thumb/b/b1/Stamford_Bridge%2C_Chelsea_vs_Nottingham_Forest%2C_5_January_2020.jpg/150px-Stamford_Bridge%2C_Chelsea_vs_Nottingham_Forest%2C_5_January_2020.jpg,Chelsea
335,Goyang Stadium,"41,311",East Asia,South Korea,Goyang,https://upload.wikimedia.org/wikipedia/commons/thumb/e/e1/Goyang_sta_1.JPG/150px-Goyang_sta_1.JPG,
336,Estadio Hernando Siles,"41,143",South America,Bolivia,La Paz,https://upload.wikimedia.org/wikipedia/commons/thumb/9/9d/Hernando_Siles_Stadium_-_La_Paz.jpg/150px-Hernando_Siles_Stadium_-_La_Paz.jpg,"La Paz FC, Club Bolívar, The Strongest"
337,Bingu National Stadium,"41,100",Africa,Malawi,Lilongwe,https://upload.wikimedia.org/wikipedia/commons/thumb/e/ea/BINGU_NATIONAL_STADIUM.jpg/150px-BINGU_NATIONAL_STADIUM.jpg,"Flames, Big Bullets FC"
338,Mbombela Stadium,"40,929",Africa,South Africa,"Nelspruit, Mpumalanga",https://upload.wikimedia.org/wikipedia/commons/thumb/2/26/Mbombela_Stadium_arena.jpg/150px-Mbombela_Stadium_arena.jpg,
339,Estadio José Pachencho Romero,"40,800",South America,Venezuela,Maracaibo,https://upload.wikimedia.org/wikipedia/commons/thumb/3/38/JPPachenchoRomero-16.jpg/150px-JPPachenchoRomero-16.jpg,"Deportivo JBL del Zulia, Deportivo Rayo Zuliano"
340,Stade Nelson Mandela,"40,784",Africa,Algeria,Algiers,https://upload.wikimedia.org/wikipedia/commons/thumb/1/12/Nelson_Mandela_Stadium.jpg/150px-Nelson_Mandela_Stadium.jpg,Algeria national football team
341,Kashima Football Stadium,"40,728",East Asia,Japan,"Kashima, Ibaraki",https://upload.wikimedia.org/wikipedia/commons/thumb/b/bc/Kashima_Soccer_Stadium_5.jpg/150px-Kashima_Soccer_Stadium_5.jpg,Kashima Antlers
342,Baba Yara Stadium,"40,528",Africa,Ghana,Kumasi,https://upload.wikimedia.org/wikipedia/commons/thumb/a/a3/Kumasi924.JPG/150px-Kumasi924.JPG,"Asante Kotoko, King Faisal Babes"
343,Estádio Major Antônio Couto Pereira,"40,502",South America,Brazil,"Curitiba, Paraná",https://upload.wikimedia.org/wikipedia/commons/thumb/7/72/Est%C3%A1dio_Couto_Pereira.jpg/150px-Est%C3%A1dio_Couto_Pereira.jpg,Coritiba Foot Ball Club
344,Stage Front Stadium,"40,500",Europe,Spain,Barcelona,https://upload.wikimedia.org/wikipedia/commons/thumb/b/b6/Estadicornellaelprat_1.jpg/150px-Estadicornellaelprat_1.jpg,RCD Espanyol
345,Estadio Metropolitano de fútbol de Lara,"40,312",South America,Venezuela,Barquisimeto,https://upload.wikimedia.org/wikipedia/commons/thumb/1/15/Estadio_Metropolitano_de_Lara.jpg/150px-Estadio_Metropolitano_de_Lara.jpg,Unión Lara
346,Estadio Malvinas Argentinas,"40,268",South America,Argentina,Mendoza,https://upload.wikimedia.org/wikipedia/commons/thumb/7/7b/Estadio_Malvinas_Argentinas_2012.jpg/150px-Estadio_Malvinas_Argentinas_2012.jpg,Godoy Cruz Antonio Tomba
347,Stadion Lukas Enembe,"40,263",Southeast Asia,Indonesia,Nolokla,https://upload.wikimedia.org/wikipedia/commons/thumb/8/87/Lukas_Enembe_Stadium.jpg/150px-Lukas_Enembe_Stadium.jpg,Persipura Jayapura
348,Gwangju World Cup Stadium,"40,245",East Asia,South Korea,Gwangju,https://upload.wikimedia.org/wikipedia/commons/thumb/7/73/Gwangju_World_Cup_Stadium.jpg/150px-Gwangju_World_Cup_Stadium.jpg,Gwangju FC
349,Sân vận động Quốc gia Mỹ Đình,"40,192",Southeast Asia,Vietnam,Hanoi,https://upload.wikimedia.org/wikipedia/commons/thumb/3/39/Kh%C3%A1n_%C4%91%C3%A0i_B_-_S%C3%A2n_v%E1%BA%ADn_%C4%91%E1%BB%99ng_Qu%E1%BB%91c_gia_M%E1%BB%B9_%C4%90%C3%ACnh.jpg/150px-Kh%C3%A1n_%C4%91%C3%A0i_B_-_S%C3%A2n_v%E1%BA%ADn_%C4%91%E1%BB%99ng_Qu%E1%BB%91c_gia_M%E1%BB%B9_%C4%90%C3%ACnh.jpg,Vietnam national football team
350,Goodison Park,"40,157",Europe,England,"Liverpool, North West",https://upload.wikimedia.org/wikipedia/commons/thumb/b/b9/Goodison_Park_August_2022.jpg/150px-Goodison_Park_August_2022.jpg,Everton FC
351,Estádio Governador João Castelo,"40,149",South America,Brazil,"São Luís, Maranhão",https://upload.wikimedia.org/wikipedia/commons/thumb/d/d0/Est%C3%A1dio_Castel%C3%A3o_em_S%C3%A3o_Lu%C3%ADs%2C_Maranh%C3%A3o%2C_Brasil.jpg/150px-Est%C3%A1dio_Castel%C3%A3o_em_S%C3%A3o_Lu%C3%ADs%2C_Maranh%C3%A3o%2C_Brasil.jpg,"Sampaio Corrêa FC, Moto Club SL, Maranhão AC"
352,Stade Miloud-Hadefi,"40,143",Africa,Algeria,Oran,https://upload.wikimedia.org/wikipedia/commons/thumb/e/e5/Stade_de_Oran.jpg/150px-Stade_de_Oran.jpg,"Algeria national football team, MC Oran"
353,Estadio Campeón del Siglo,"40,005",South America,Uruguay,Montevideo,https://upload.wikimedia.org/wikipedia/commons/thumb/8/87/Estadio_Campe%C3%B3n_del_Siglo_setiembre_2021.jpg/150px-Estadio_Campe%C3%B3n_del_Siglo_setiembre_2021.jpg,Club Atlético Peñarol
354,Metalist Stadium,"40,003",Europe,Ukraine,Kharkiv,https://upload.wikimedia.org/wikipedia/commons/thumb/8/84/Metalist_Stadium_Kharkiv.jpg/150px-Metalist_Stadium_Kharkiv.jpg,"FC Metalist Kharkiv, FC Shakhtar Donetsk"
355,Al-Janoub Stadium,"40,000",West Asia,Qatar,Al-Wakrah,https://upload.wikimedia.org/wikipedia/commons/thumb/5/57/Visita_ao_est%C3%A1dio_de_futebol_Al_Janoub_1.jpg/150px-Visita_ao_est%C3%A1dio_de_futebol_Al_Janoub_1.jpg,
356,Al-Thumama Stadium,"40,000",West Asia,Qatar,Al-Thumama,https://upload.wikimedia.org/wikipedia/en/thumb/d/d6/Al_Thumama_Stadium_%282%29.jpg/150px-Al_Thumama_Stadium_%282%29.jpg,
357,Stade Ahmed-Zabana,"40,000",Africa,Algeria,Oran,https://upload.wikimedia.org/wikipedia/commons/thumb/6/6a/Stade_Ahmed_Zabana_2.jpg/150px-Stade_Ahmed_Zabana_2.jpg,MC Oran
358,Stadion Batakan,"40,000",Southeast Asia,Indonesia,"Balikpapan, East Kalimantan",https://upload.wikimedia.org/wikipedia/commons/thumb/d/d8/2017-11-14_Batakan.jpg/150px-2017-11-14_Batakan.jpg,Persiba Balikpapan
359,Stadion Gelora Joko Samudro,"40,000",Southeast Asia,Indonesia,"Gresik, East Java",https://upload.wikimedia.org/wikipedia/commons/thumb/4/48/Gelora_Joko_Samudro_Stadium_%282016%29.jpg/150px-Gelora_Joko_Samudro_Stadium_%282016%29.jpg,Gresik United
360,Fisht Olympic Stadium,"40,000",Europe,Russia,Sochi,https://upload.wikimedia.org/wikipedia/commons/thumb/e/e4/2017_Confederation_Cup_-_MEXNZL_-_Fisht.jpg/150px-2017_Confederation_Cup_-_MEXNZL_-_Fisht.jpg,
361,Rentschler Field,"40,000",North America,United States,"East Hartford, Connecticut",https://upload.wikimedia.org/wikipedia/commons/thumb/c/cc/Rentschler_Field_2017.jpg/150px-Rentschler_Field_2017.jpg,
362,Jawaharlal Nehru Stadium,"40,000",South Asia,India,Kochi,https://upload.wikimedia.org/wikipedia/commons/thumb/8/83/Jawaharlal_Nehru_Stadium_%28Kochi%29_in_2022.jpg/150px-Jawaharlal_Nehru_Stadium_%28Kochi%29_in_2022.jpg,"Kerala Blasters, India national football team"
363,Hang Jebat Stadium,"40,000",Southeast Asia,Malaysia,Malacca,https://upload.wikimedia.org/wikipedia/commons/thumb/2/20/Stadium_Hang_Jebat_015342.jpg/150px-Stadium_Hang_Jebat_015342.jpg,Melaka United
364,Hong Kong Stadium,"40,000",East Asia,Hong Kong,So Kon Po,https://upload.wikimedia.org/wikipedia/commons/thumb/d/db/Hong_Kong_Stadium-1.jpg/150px-Hong_Kong_Stadium-1.jpg,South China AA
365,Stadium Negeri Pulau Pinang,"40,000",Southeast Asia,Malaysia,Batu Kawan,https://upload.wikimedia.org/wikipedia/commons/thumb/9/94/Batu_Kawan_Stadium%2CPenang.jpg/150px-Batu_Kawan_Stadium%2CPenang.jpg,Penang FA
366,Accra Sports Stadium,"40,000",Africa,Ghana,Accra,NO_IMAGE,"Accra Hearts of Oak SC, Great Olympics"
367,Sarawak Stadium,"40,000",Southeast Asia,Malaysia,Kuching,https://upload.wikimedia.org/wikipedia/commons/thumb/0/07/Stadium_Sarawak.JPG/150px-Stadium_Sarawak.JPG,Sarawak FA
368,Bogyoke Aung San Stadium,"40,000",Southeast Asia,Myanmar,Yangon,https://upload.wikimedia.org/wikipedia/commons/thumb/1/17/Aungsan_Stadium.jpg/150px-Aungsan_Stadium.jpg,Yangon United FC
369,Resonac Dome Ōita,"40,000",East Asia,Japan,Ōita,https://upload.wikimedia.org/wikipedia/commons/thumb/1/17/%C5%8Cita_Stadium_2023-03.jpg/150px-%C5%8Cita_Stadium_2023-03.jpg,Ōita Trinita
370,Stadium Darul Makmur,"40,000",Southeast Asia,Malaysia,Kuantan,https://upload.wikimedia.org/wikipedia/commons/thumb/d/d9/Stadium_Pahang.jpg/150px-Stadium_Pahang.jpg,Pahang FA
371,Khalifa International Stadium,"40,000",West Asia,Qatar,Doha,https://upload.wikimedia.org/wikipedia/en/thumb/1/16/Khalifa_International_Stadium.jpg/150px-Khalifa_International_Stadium.jpg,Qatar national football team
372,Stade de l’Amitié sino-gabonaise,"40,000",Africa,Gabon,Libreville,NO_IMAGE,Gabon national football team
373,Peoples Football Stadium,"40,000",South Asia,Pakistan,Karachi,NO_IMAGE,Pakistan national football team
374,JRD Tata Sports Complex Stadium,"40,000",South Asia,India,Jamshedpur,https://upload.wikimedia.org/wikipedia/commons/thumb/4/4e/J.R.D._Tata_Stadium.jpg/150px-J.R.D._Tata_Stadium.jpg,"Jamshedpur FC, Tata Football Academy"
375,Bao'an Stadium,"40,000",East Asia,China,"Shenzhen, Guangdong",https://upload.wikimedia.org/wikipedia/commons/thumb/9/91/Bao%27an_Stadium.jpg/150px-Bao%27an_Stadium.jpg,
376,Kunming Tuodong Sports Centre Stadium,"40,000",East Asia,China,"Kunming, Yunnan",https://upload.wikimedia.org/wikipedia/commons/thumb/7/79/Kunming_07.JPG/150px-Kunming_07.JPG,China national football team
377,Taizhou Sports Centre Stadium,"40,000",East Asia,China,"Taizhou, Zhejiang",NO_IMAGE,
378,Wuhu Olympic Stadium,"40,000",East Asia,China,"Wuhu, Anhui",NO_IMAGE,
379,Huizhou Olympic Stadium,"40,000",East Asia,China,"Huizhou, Guangdong",NO_IMAGE,
